date,PPO,BuyAndHold,MACrossover
2020-03-13,0.6554499604797783,0.8290086618466019,1.0
2020-03-16,0.583728088867028,0.7382953253665787,1.1094238705274333
2020-03-17,0.5522113833189956,0.7781574406576725,1.0495237455852933
2020-03-18,0.5242512356959192,0.7387569545901566,1.102664335850049
2020-03-19,0.5242512356959192,0.7403268925673856,1.1003210555516627
2020-03-20,0.5016589887965776,0.7084230136553935,1.1477386356410424
2020-03-23,0.5016589887965776,0.6903098542431145,1.1770843407780447
2020-03-24,0.4562070694682525,0.7528541492867916,1.0704367102272188
2020-03-25,0.4562070694682525,0.7641246379483847,1.0544119000870371
2020-03-26,0.48284489106259626,0.8087416926670601,0.9928450416115437
2020-03-27,0.48284489106259626,0.784652701305194,1.022417692370008
2020-03-30,0.4671640947872767,0.8101349615170989,0.9892138129480799
2020-03-31,0.47412736412803874,0.7980595730136647,1.0039584439931868
2020-04-01,0.4527893811449998,0.7621431022996517,1.049141341700436
2020-04-02,0.46323760012301807,0.7797297294534871,1.0249321642474256
2020-04-03,0.456541982550999,0.7684595474204051,1.03974649237459
2020-04-06,0.456541982550999,0.8200739669736555,0.9699107907210802
2020-04-07,0.4570074032897894,0.8209099896093811,0.9689220172587671
2020-04-08,0.4570074032897894,0.8484667961184092,0.9363966528584117
2020-04-09,0.4500530469864451,0.8613780539433132,0.9221473520410526
2020-04-13,0.4459439153562661,0.8535133903648727,0.9305668592021092
2020-04-14,0.45909621789421234,0.8786862113042476,0.9031214867179153
2020-04-15,0.4493411389235453,0.8600154990491441,0.922311410484766
2020-04-16,0.4515088511798822,0.8641643872243835,0.9178619942718264
2020-04-17,0.4393111441395254,0.887510162179907,0.8930655552200814
2020-04-20,0.43157153294484224,0.871874356718935,0.9087992334137125
2020-04-21,0.41846765044480894,0.8454014819969193,0.9363932646731737
2020-04-22,0.4277551535226473,0.8641643872243835,0.915610880853361
2020-04-23,0.42778571167585616,0.864102652684133,0.9156762906499383
2020-04-24,0.42778571167585616,0.8761473272316974,0.9029127342859572
2020-04-27,0.42778571167585616,0.888779910844693,0.8898942381305845
2020-04-28,0.4297529320249419,0.884692757209704,0.8939865161239906
2020-04-29,0.44100323311351347,0.9078527152874538,0.8705832610766595
2020-04-30,0.4368972925088933,0.8994001937483341,0.8786887870523324
2020-05-01,0.44846341608635204,0.8755900810173841,0.8554269741012537
2020-05-04,0.44846341608635204,0.8780047805429072,0.8577860678749998
2020-05-05,0.4443198163181063,0.8861171488536272,0.8657116243965753
2020-05-06,0.4473318948513017,0.880110091900652,0.859842898078243
2020-05-07,0.452729845992713,0.8907303748042933,0.8702186168824179
2020-05-08,0.46022080389532716,0.9054685764035448,0.8846174268633314
2020-05-11,0.46022080389532716,0.9056545977003259,0.8847991644577534
2020-05-12,0.4693938829998292,0.8876031728282973,0.8671634281797074
2020-05-13,0.46109234306640695,0.8719053261985638,0.8518270718943831
2020-05-14,0.4666103793897667,0.8823396900149275,0.8620211529599571
2020-05-15,0.4644653892493368,0.8863957719607838,0.8659838313649237
2020-05-18,0.4786127084431335,0.9133948212079802,0.892361145934664
2020-05-19,0.48352844582436805,0.9040135219085037,0.883195879393996
2020-05-20,0.47531420721020184,0.9193710108908303,0.8981997157950209
2020-05-21,0.47859586922097264,0.9130234940809443,0.891998369736568
2020-05-22,0.47950480277579527,0.9147574783116531,0.8936924237417151
2020-05-26,0.47950480277579527,0.9260275070304794,0.9047029260006922
2020-05-27,0.4866395077492767,0.9398061658087529,0.9181642895330164
2020-05-28,0.4857417420345924,0.9380723859970514,0.9164704352395115
2020-05-29,0.4835773767158389,0.9422522436519197,0.9205540390438435
2020-06-01,0.4835773767158389,0.9460601609227298,0.9242742675151528
2020-06-02,0.4835773767158389,0.9538940083357971,0.9319277169242012
2020-06-03,0.4835773767158389,0.9665888375365617,0.9443302093294649
2020-06-04,0.4835773767158389,0.964049851254508,0.9418496908772479
2020-06-05,0.4959711767227419,0.9887578744756895,0.9659887372167862
2020-06-08,0.4959711767227419,1.0007093339558562,0.97766497823511
2020-06-09,0.4996693935687622,0.993247529136351,0.9703750040149055
2020-06-10,0.4996693935687622,0.9877052187968172,0.9649603221151646
2020-06-11,0.4996693935687622,0.9307649175281725,0.9093312433091845
2020-06-12,0.493685503770196,0.941911477166498,0.9202211197362595
2020-06-15,0.49829434327733463,0.9507047651910396,0.9288119157380762
2020-06-16,0.507885413719973,0.9690037414810923,0.9466895028148529
2020-06-17,0.5057757253641213,0.9649786290148648,0.9427570807236828
2020-06-18,0.5059706174755098,0.9653504671894194,0.9431203562008844
2020-06-19,0.5030790571114904,0.9598336070163133,0.9377305384006
2020-06-22,0.4998518194605111,0.9659909119397655,0.9437460527759656
2020-06-23,0.49755080867632634,0.9704377408183658,0.9480904799850394
2020-06-24,0.5102425912850135,0.9456833144824927,0.9239060991027166
2020-06-25,0.5157125717135498,0.9558213729475553,0.9338106981428901
2020-06-26,0.5279613925802088,0.9331194156560009,0.9116315220042962
2020-06-29,0.5357212495556667,0.9468341934944455,0.9250304756484259
2020-06-30,0.528859093927101,0.9589623732065542,0.9368793673814506
2020-07-01,0.528859093927101,0.9656795817914166,0.9434418919448617
2020-07-02,0.528859093927101,0.9709978488987833,0.9486376898847274
2020-07-06,0.5370232786775537,0.9859874858772005,0.963282145185574
2020-07-07,0.531484608364871,0.9758183557230052,0.9533471899757828
2020-07-08,0.531484608364871,0.9832820003135774,0.9606389616007672
2020-07-09,0.528458708494727,0.9776838835850092,0.9551697584226998
2020-07-10,0.5338546231268675,0.9876666858139123,0.9649226764706056
2020-07-13,0.5292318816827766,0.9791143055896524,0.9565672406391474
2020-07-14,0.5360903339217223,0.9918029000106898,0.9689636418393234
2020-07-15,0.5410156045818019,1.0009149794773524,0.9778658881471852
2020-07-16,0.5392336876109299,0.9976183141441791,0.9746451384930729
2020-07-17,0.5407970498742689,1.000510638680613,0.9774708585188705
2020-07-20,0.5364266739266417,1.0085961258918534,0.9853701529594939
2020-07-21,0.5375680293666498,1.0107421166320814,0.9874667257795393
2020-07-22,0.5375680293666498,1.016495489596809,0.9930876099498743
2020-07-23,0.5311538922527952,1.0043669010466856,0.9812383187935653
2020-07-24,0.5277328821913118,0.9978980615558769,0.9749184438754536
2020-07-27,0.5277328821913118,1.005175378221157,0.9820281783385528
2020-07-28,0.5243857937444919,0.9988001626357613,0.9757997713525789
2020-07-29,0.5308350591097499,1.011084109631548,0.9878008433569765
2020-07-30,0.5327290451733423,1.0074766251975442,0.9842764321508657
2020-07-31,0.52851941076533,1.0154377234427503,0.9920542020571972
2020-08-03,0.5248448878537595,1.0224975382841017,0.9989514433329724
2020-08-04,0.5268721426519756,1.026447015717572,1.0028099721165202
2020-08-05,0.5235999736665781,1.0328218224649528,1.0090379796792097
2020-08-06,0.5271002092265151,1.0397261766511372,1.015783340251075
2020-08-07,0.5271002092265151,1.0404727148663508,1.0165126871684693
2020-08-10,0.5271002092265151,1.0435824390172097,1.0195508005257699
2020-08-11,0.5271002092265151,1.0349680176241882,1.0111347522108973
2020-08-12,0.5197512715579513,1.0493977509411954,1.0252321973236982
2020-08-13,0.5188117618267613,1.0475008447615475,1.0233789731397
2020-08-14,0.5188270499316602,1.0475317120316727,1.0234091295976757
2020-08-17,0.5188270499316602,1.050859346844475,1.0266601355655847
2020-08-18,0.5177060745720011,1.0531298287602409,1.0288783327757431
2020-08-19,0.5155505651836055,1.0487450410504022,1.0245945180500837
2020-08-20,0.517155691125836,1.0520102258564281,1.027784512111294
2020-08-21,0.5189901351298063,1.0557418948374586,1.0314302481400546
2020-08-24,0.5189901351298063,1.0664401635924428,1.041882156935737
2020-08-25,0.5208061764369911,1.0701718325734733,1.0455278929644976
2020-08-26,0.5260275314645586,1.0809008663890787,1.0560098583623343
2020-08-27,0.5248772724881509,1.0832644611627387,1.0583190242255247
2020-08-28,0.5282675774028875,1.0902615193688026,1.065154954027138
2020-08-31,0.5282675774028875,1.0863120419353323,1.06129642524359
2020-09-01,0.5282675774028875,1.096543622096304,1.0712923923600797
2020-09-02,0.5282675774028875,1.1124039818369618,1.0867875194009702
2020-09-03,0.510087537931324,1.0741212077974398,1.049386321892224
2020-09-04,0.510087537931324,1.0653517345872663,1.040818792296726
2020-09-08,0.5240246826933258,1.0362430811831687,1.012380453579256
2020-09-09,0.5136765822051056,1.0567061392956083,1.0323722879564146
2020-09-10,0.5047571991143402,1.0383576936057524,1.0144463706622202
2020-09-11,0.5050142205201521,1.0388864233685262,1.014962924824827
2020-09-14,0.5050142205201521,1.0525698228893272,1.0283312227318757
2020-09-15,0.5075658316741937,1.0578879877871903,1.0335269208159203
2020-09-16,0.5095801195768739,1.0536897324216514,1.0294253429637883
2020-09-17,0.5050981490858615,1.044422090090318,1.0203711160961957
2020-09-18,0.5050981490858615,1.0323979596530024,1.0086238775890621
2020-09-21,0.49947665302784694,1.0209078738726542,0.9973983857472332
2020-09-22,0.49947665302784694,1.0313051356391656,1.0075562191497438
2020-09-23,0.49947665302784694,1.0073883161863257,0.9841901567214252
2020-09-24,0.49947665302784694,1.0100732576397,0.9868132692861885
2020-09-25,0.4914016874477605,1.0264029634214666,1.0027669342576206
2020-09-28,0.48323980285333296,1.043450895385915,1.0194222860839994
2020-09-29,0.48060816873498513,1.037768455816773,1.0138707018535154
2020-09-30,0.48425206085068645,1.045636645623092,1.0215577028184568
2020-10-01,0.48425206085068645,1.052349561408798,1.0281160334373813
2020-10-02,0.47965449048700887,1.0423583780005894,1.0378771396626185
2020-10-05,0.4711487125227728,1.060842660120897,1.0194723239479502
2020-10-06,0.47784673123141536,1.0457613412176376,1.033965507346847
2020-10-07,0.4695288783366073,1.0639648538312103,1.015967324192484
2020-10-08,0.4695288783366073,1.0733940893879341,1.0069634598418435
2020-10-09,0.46533576083220923,1.0829800121138697,0.9979707944179181
2020-10-12,0.4578498092722299,1.1004021330714584,0.9819162341324033
2020-10-13,0.4578498092722299,1.0932209955491843,0.9883241420241996
2020-10-14,0.4578498092722299,1.086352005851289,0.9945340377153584
2020-10-15,0.45728390894309123,1.0850092796008426,0.9957632773653156
2020-10-16,0.45756020373726763,1.084353707843945,0.9963649259350279
2020-10-19,0.46451681183384386,1.067867519311974,1.0115133594182952
2020-10-20,0.4663777103323173,1.072145498090419,1.0074611407605976
2020-10-21,0.4663777103323173,1.070115923974935,1.0055540142956862
2020-10-22,0.4689357917803844,1.075985509145399,1.011069477432135
2020-10-23,0.4689357917803844,1.0796387834370718,1.0145023434861877
2020-10-26,0.4776017161986886,1.0596870794717723,0.9957543596791399
2020-10-27,0.4776017161986886,1.056034009599107,0.9923216857111491
2020-10-28,0.4612777319858313,1.0199397454533627,0.9584050497732541
2020-10-29,0.46596603535226,1.030306139949749,0.9681460220979106
2020-10-30,0.4611083626757676,1.0195652498317114,0.9580531481079758
2020-11-02,0.46627671524662095,1.0309930900242905,0.9687915273087012
2020-11-03,0.47450915463158055,1.049195989380841,0.9858962148567657
2020-11-04,0.4851141511148838,1.0726448937256237,1.0079304070096564
2020-11-05,0.49457521137653115,1.0935644194817031,1.0275878222764536
2020-11-06,0.49457521137653115,1.0933145172450933,1.0273529970658624
2020-11-09,0.5007899983457148,1.1070530076884026,1.0402626210665198
2020-11-10,0.500055496200921,1.105429307512214,1.0387368814773783
2020-11-11,0.4963407259427498,1.113641227879563,1.0464533627533432
2020-11-12,0.49152567509208644,1.1028376833357414,1.0363016143854564
2020-11-13,0.49152567509208644,1.1181058412118117,1.050648618386812
2020-11-16,0.4976612578373228,1.1320628555740866,1.063763582387569
2020-11-17,0.4976612578373228,1.1259743376466418,1.0580423950788969
2020-11-18,0.4916718872428513,1.112423197223662,1.0453088179539096
2020-11-19,0.49374202427119346,1.117106947731899,1.0497099898456637
2020-11-20,0.4971231803218927,1.1094569752160344,1.0425215531536782
2020-11-23,0.5001032446278025,1.116107747623475,1.0487710731754227
2020-11-24,0.5001032446278025,1.1340924296895707,1.0656707088524802
2020-11-25,0.49933207039529764,1.1323436250808216,1.0640274125934968
2020-11-27,0.5007227981637472,1.135497401527786,1.0669909163554598
2020-11-30,0.5029395973134564,1.1304703292965343,1.0622671359228568
2020-12-01,0.4974387093227144,1.142834817381257,1.073885653458902
2020-12-02,0.4974387093227144,1.1452390915374,1.0761448736751538
2020-12-03,0.4973031267949922,1.1449269437130212,1.0758515582587345
2020-12-04,0.49301767119544476,1.1547932271076768,1.0851225920331158
2020-12-07,0.49200456344254606,1.152420229059674,1.0828927609843246
2020-12-08,0.49056477835804363,1.155792631635108,1.0860617007894184
2020-12-09,0.49056477835804363,1.145426134929218,1.0763206324217314
2020-12-10,0.49040434505168695,1.145051537098063,1.075968634713422
2020-12-11,0.4898294116149369,1.1437091174761276,1.0747072055453633
2020-12-14,0.4876363561674161,1.1385885235489666,1.0698955457394717
2020-12-15,0.4942289174872624,1.1539815814385896,1.0843599143246072
2020-12-16,0.49500455671109167,1.155792631635108,1.0860617007894189
2020-12-17,0.49223661160125637,1.1622555429747004,1.0921346937203384
2020-12-18,0.4942019987675618,1.1576149248770358,1.087774051987631
2020-12-21,0.49243488204882524,1.1534756443951466,1.0838845013215699
2020-12-22,0.491605037963761,1.1515318240532886,1.0820579549595977
2020-12-23,0.49116328060141,1.1525665930690092,1.0830302946045975
2020-12-24,0.49116328060141,1.1570506262069657,1.0872437984139407
2020-12-28,0.49538267336352765,1.1669903982348004,1.096583887127551
2020-12-29,0.4944375630535275,1.1647639686151405,1.0944917817850943
2020-12-30,0.4944375630535275,1.1664257929362192,1.0960533454247676
2020-12-31,0.4969498906165958,1.1723526154287696,1.1016225926585297
2021-01-04,0.4901843654021351,1.1563920903744607,1.086624993165745
2021-01-05,0.4901843654021351,1.1643562549047783,1.094108666134768
2021-01-06,0.4901843654021351,1.1713178464130491,1.1006502530135298
2021-01-07,0.49746708694696457,1.1887202409364188,1.1170027315434554
2021-01-08,0.500301566211928,1.1954933581198193,1.123367215073207
2021-01-11,0.4969291231683802,1.1874347520080588,1.1157947983436172
2021-01-12,0.4968241139391185,1.1876856763397057,1.1160305839845173
2021-01-13,0.4968241139391185,1.1908841183397987,1.119036058550991
2021-01-14,0.49508415970620034,1.1867134595402657,1.1151170226744385
2021-01-15,0.49508415970620034,1.178059278650295,1.1069849632036974
2021-01-19,0.4911968267000646,1.1873092387374837,1.1156768575016514
2021-01-20,0.49799442629472906,1.2037402341374428,1.1311165430657453
2021-01-21,0.4984484791222556,1.204837759788451,1.132147853131728
2021-01-22,0.4966841088222583,1.2005729660359865,1.1281403616237011
2021-01-25,0.4986430309065217,1.2053080257150937,1.1325897471169752
2021-01-26,0.4994214071822814,1.2034265531705084,1.1308217870038622
2021-01-27,0.48721539507954736,1.1740144397498486,1.103184156298203
2021-01-28,0.48721539507954736,1.1841110011563984,1.1126715750212393
2021-01-29,0.47746161297893075,1.1604057553762712,1.0903965069468096
2021-02-01,0.4695141023988786,1.1797211029713737,1.1085465268433705
2021-02-02,0.4761532144498041,1.1964028182839723,1.1242218059623028
2021-02-03,0.4761532144498041,1.1973433501372575,1.1251055939327974
2021-02-04,0.4815651258643005,1.2109522389298424,1.1378934353702526
2021-02-05,0.48346037401435377,1.215718063669571,1.1423717298158327
2021-02-08,0.48346037401435377,1.2244978600396208,1.1506218261715702
2021-02-09,0.4831385856293477,1.223682841456911,1.1498559790430412
2021-02-10,0.4829280148000322,1.2231495122664695,1.1493548265077183
2021-02-11,0.48370803081379987,1.2251251197639865,1.1512112422523058
2021-02-12,0.48609747300900874,1.2311770466890974,1.1568980461559097
2021-02-16,0.4865184128941352,1.2301108993557333,1.1558962213004185
2021-02-17,0.4865184128941352,1.2303930997955201,1.156161396108779
2021-02-18,0.4844477712794969,1.2251564980816303,1.151240727462797
2021-02-19,0.4853033648888557,1.2229927228877542,1.1492074964982921
2021-02-22,0.4890360752152708,1.2135860756313537,1.140368368233943
2021-02-23,0.48844228027785097,1.215059630046569,1.1417530206106679
2021-02-24,0.48844228027785097,1.228448870615647,1.154334465574683
2021-02-25,0.47667294322891346,1.1988485894986278,1.1265200196491063
2021-02-26,0.47667294322891346,1.1926712515124454,1.1207153709465676
2021-03-01,0.4882275833994214,1.2215818228983226,1.147881718499519
2021-03-02,0.4920373679053965,1.2120494579523393,1.1389244573071422
2021-03-03,0.49855471068218254,1.19599510457361,1.1238386903119761
2021-03-04,0.49855471068218254,1.1811945551770855,1.1099310831770641
2021-03-05,0.50772663002093,1.202925011135726,1.1303505038511539
2021-03-08,0.50772663002093,1.1969356364268953,1.124722478282471
2021-03-09,0.5149757735360415,1.2140250654498563,1.1407808730517297
2021-03-10,0.5117702820489228,1.2215818228983228,1.1478817184995191
2021-03-11,0.5117702820489228,1.2339675705598205,1.159520212985995
2021-03-12,0.5110810219503654,1.2356294970904027,1.161081872668699
2021-03-15,0.5110810219503654,1.2429982912615174,1.168006094982633
2021-03-16,0.5110810219503654,1.2414302952648593,1.166532698845341
2021-03-17,0.5110810219503654,1.2456635062806727,1.1705105130568147
2021-03-18,0.5185170405034691,1.2275396148705024,1.153480066771649
2021-03-19,0.5175575924127219,1.225268213069203,1.1513457024955889
2021-03-22,0.52169026082574,1.2350519111848481,1.1605391335009896
2021-03-23,0.5175841442093204,1.2253310719139945,1.1514047689596028
2021-03-24,0.514953141795149,1.2191024247569415,1.145551906655544
2021-03-25,0.5178500507381829,1.2259605802474418,1.1519962979870182
2021-03-26,0.5095049290013921,1.2457168596416175,1.1705606475189534
2021-03-29,0.5092476239073217,1.245087760146185,1.1699695026636616
2021-03-30,0.5105987369276882,1.2417843489857656,1.1668653919044365
2021-03-31,0.5126683816228543,1.2468177582062485,1.1715951270049563
2021-04-01,0.5126683816228543,1.260282122760565,1.1842471635966954
2021-04-05,0.5053099674603387,1.2783711607299646,1.2012448592083187
2021-04-06,0.5050116060306419,1.2776163435449492,1.2005355814249994
2021-04-07,0.5055959257811775,1.279094599597336,1.2019246517811464
2021-04-08,0.5031959040166357,1.2851663551661696,1.2076300880327482
2021-04-09,0.5068542644643779,1.2945098369492674,1.216409861703991
2021-04-12,0.5068542644643779,1.2949817382279696,1.216853292377733
2021-04-13,0.5053521689488331,1.2988195006738674,1.2204595161025902
2021-04-14,0.5070779524533185,1.2943840170501808,1.2162916327329325
2021-04-15,0.5070779524533185,1.3082888023560517,1.229357518744891
2021-04-16,0.5070779524533185,1.3126616315539545,1.2334665277365968
2021-04-19,0.5070779524533185,1.3062125184973652,1.227406500614851
2021-04-20,0.503365340893665,1.2966489796527456,1.2184199462980447
2021-04-21,0.5081282349001384,1.3089180040609885,1.229948759643214
2021-04-22,0.5081282349001384,1.296963580505214,1.218715566747206
2021-04-23,0.5081282349001384,1.3110255640278152,1.2319291669407144
2021-04-26,0.5081282349001384,1.3137627345375933,1.2345011993086614
2021-04-27,0.5080186129463505,1.3134793075837616,1.2342348719839296
2021-04-28,0.5078727007099888,1.3131020523055095,1.2338803771568163
2021-04-29,0.5046361451382191,1.321470148794552,1.241743612184022
2021-04-30,0.5013204808826106,1.3127875536625453,1.233584852750686
2021-05-03,0.500239315714329,1.3156187569157511,1.2362452447070764
2021-05-04,0.4971530689522193,1.3075019935963708,1.228618179492895
2021-05-05,0.4973087551059852,1.3079114448682965,1.229002927874747
2021-05-06,0.4973087551059852,1.3183555185875142,1.2388168929028998
2021-05-07,0.4936892929037221,1.3279506401687853,1.2478331245162593
2021-05-10,0.4936892929037221,1.3148007742574332,1.2354766123306506
2021-05-11,0.49809538332490594,1.3030664077631804,1.2244502000802064
2021-05-12,0.5086775379726692,1.2753824526315172,1.1984364649412855
2021-05-13,0.5086775379726692,1.2907031461925025,1.2128328350605322
2021-05-14,0.5086775379726692,1.310522182221966,1.2314561550134502
2021-05-17,0.5099718926449446,1.3071874949534066,1.2283226550867645
2021-05-18,0.5055782366253614,1.295925438575871,1.217740057682186
2021-05-19,0.5055782366253614,1.2925277902530166,1.2145473952484558
2021-05-20,0.5001393953572606,1.3064323711398804,1.2276130891743529
2021-05-21,0.5005487598092339,1.3053630553119007,1.226608286984903
2021-05-24,0.4954460133046588,1.3186703238589905,1.2391127054381232
2021-05-25,0.4943468390803241,1.3157447812338456,1.2363636657641968
2021-05-26,0.4943468390803241,1.3183555185875149,1.2388168929029
2021-05-27,0.4940872971985396,1.3190476813467462,1.2394672963082674
2021-05-28,0.49497119484228286,1.3214073921592646,1.2416846417630392
2021-06-01,0.49540722855236186,1.320243328121331,1.2405908076839298
2021-06-02,0.4961862935738505,1.3223195097705143,1.2425417297709391
2021-06-03,0.4961862935738505,1.317411920449118,1.2379302236414778
2021-06-04,0.5007243440054641,1.3294607855863352,1.2492521602980524
2021-06-07,0.5002385642694818,1.3281710038588188,1.2480401932909155
2021-06-08,0.5002385642694818,1.3284541241841394,1.2483062324865546
2021-06-09,0.5009849561130031,1.3264719752783842,1.2464436699879886
2021-06-10,0.5033137422882402,1.3326379680096532,1.2522376579140955
2021-06-11,0.5024820081239082,1.3348401739769302,1.2543070010582251
2021-06-14,0.503606988746612,1.3378286776563701,1.2571152032391961
2021-06-15,0.5026832726554368,1.3353748318909202,1.25480940215295
2021-06-16,0.4998766501134978,1.327919057432135,1.2478034472197062
2021-06-17,0.4998766501134978,1.3274788410995877,1.2473897898855484
2021-06-18,0.4998766501134978,1.309570611742279,1.2305619943956165
2021-06-21,0.5070328710076675,1.3283183899631916,1.2481786873414975
2021-06-22,0.5097436322667532,1.3354200084915668,1.254851853172615
2021-06-23,0.5091291550739868,1.3338102088078847,1.2533391754356782
2021-06-24,0.5121410686791654,1.3417007824955196,1.2607536974224411
2021-06-25,0.5139601942707285,1.3464665050257445,1.2652318958249904
2021-06-28,0.514996300353795,1.3491808828161918,1.2677825105970433
2021-06-29,0.5152734198141263,1.3499068769211564,1.268464704245644
2021-06-30,0.5157071041617322,1.351043037764573,1.2695323185773133
2021-07-01,0.5185623358363616,1.358523138085245,1.276561131751915
2021-07-02,0.5225260453523166,1.3689072148257755,1.2863187195209198
2021-07-06,0.523477841263093,1.3664137117728798,1.283975653738678
2021-07-07,0.523477841263093,1.371242701985911,1.2885133027773645
2021-07-08,0.5192126049941491,1.3600699767146316,1.278014646981807
2021-07-09,0.5247550475971765,1.374588325671369,1.2916570793083582
2021-07-12,0.5247550475971765,1.379512064094354,1.2962837602367043
2021-07-13,0.5229660780359238,1.3748090981994165,1.2918645322551379
2021-07-14,0.5229660780359238,1.3768607495677054,1.2937924040147273
2021-07-15,0.5247523042216711,1.3721579880917758,1.2893733681192228
2021-07-16,0.5206363952385693,1.3613954295589483,1.2792601330067337
2021-07-19,0.5129476635259029,1.3412904113380602,1.260368084653311
2021-07-20,0.5202984418955375,1.3605117261897346,1.2784297449614284
2021-07-21,0.5245109368965241,1.3715268444062685,1.2887803024033122
2021-07-22,0.5256092266296383,1.3743987270419573,1.2914789194860075
2021-07-23,0.520201699526349,1.3885386964159017,1.3047658005121054
2021-07-26,0.5189247084139111,1.3919472811556548,1.3079687395501438
2021-07-27,0.5212897217653222,1.3856034438879028,1.302007636750242
2021-07-28,0.5210759993714591,1.3850353634661945,1.3014738295844075
2021-07-29,0.5189148575974593,1.3907797419945942,1.3068716400079834
2021-07-30,0.5163946754928397,1.384025226940872,1.3005246363098586
2021-08-02,0.5163946754928397,1.381121659359028,1.2977962458875791
2021-08-03,0.5205957968614678,1.3923577545226173,1.3083544483623049
2021-08-04,0.5205957968614678,1.385508491258941,1.3019184127745203
2021-08-05,0.5172988809674477,1.3942828705252934,1.3101634188496192
2021-08-06,0.5164440615630199,1.3965868771582814,1.3123284208525416
2021-08-09,0.5168641648481556,1.3954508185243686,1.3112609025639035
2021-08-10,0.5175070627437046,1.3971865403166408,1.3128919053149295
2021-08-11,0.5162210398069597,1.4006585971582075,1.316154487075167
2021-08-12,0.5177681433917225,1.404856341476228,1.3200989743549125
2021-08-13,0.5187103434127132,1.407412805583419,1.3225012026441991
2021-08-16,0.5199317905453144,1.4107269487417293,1.3256153979216705
2021-08-17,0.5199317905453144,1.4014792372636224,1.3169256165703966
2021-08-18,0.5199317905453144,1.3861399415729592,1.3025117666195232
2021-08-19,0.5199317905453144,1.3882861367321946,1.3045284781827104
2021-08-20,0.5157946527793724,1.39933283768538,1.3149087129211479
2021-08-23,0.5112574416562531,1.4116421326380908,1.326475367220498
2021-08-24,0.5120689748604572,1.4138828715882723,1.328580918587283
2021-08-25,0.5120689748604572,1.4168499112719297,1.3313689517317615
2021-08-26,0.5150918050739164,1.4084860053725403,1.3235096544688236
2021-08-27,0.5150918050739164,1.4210791361170978,1.3353430202650294
2021-08-30,0.5128266533483061,1.4273284295939033,1.3412152832613333
2021-08-31,0.5128266533483061,1.425213510542808,1.3392279608656066
2021-09-01,0.5125540219080177,1.425971189593928,1.3399399278537916
2021-09-02,0.5125540219080177,1.4303583281223524,1.3440623828698257
2021-09-03,0.5124296409899962,1.4300112246476995,1.3437362207368329
2021-09-07,0.5105974397461718,1.4248981942238141,1.338931668115229
2021-09-08,0.5112194542134156,1.4231623702220382,1.3373005693211721
2021-09-09,0.5090312368510924,1.4170706837999778,1.3315764046785417
2021-09-10,0.5090312368510924,1.4058977541096909,1.3210775567969224
2021-09-13,0.5090312368510924,1.4094959374788554,1.324458655657311
2021-09-14,0.5117782551383041,1.4018895062115782,1.3173111332964962
2021-09-15,0.5160529360487964,1.413598933586922,1.3283141110473968
2021-09-16,0.5160529360487964,1.4113580924272364,1.3262084636375808
2021-09-17,0.5210798666287054,1.3976098920810733,1.3132897155489864
2021-09-20,0.5123912974440473,1.3743059208125736,1.2913917124139354
2021-09-21,0.5123912974440473,1.373007655696248,1.2901717738352325
2021-09-22,0.5123912974440473,1.3864011890644823,1.302757252606546
2021-09-23,0.5123912974440473,1.4032459285355234,1.3185857203597904
2021-09-24,0.5115473460857075,1.4055571920432761,1.320757541417908
2021-09-27,0.510083909228478,1.4015361679571978,1.3169791125386174
2021-09-28,0.5203630084715416,1.3732927180021393,1.2904396378484588
2021-09-29,0.5203630084715416,1.3756042881384027,1.292611747035669
2021-09-30,0.5203630084715416,1.3587908247755016,1.2768126684498853
2021-10-01,0.5265471609144529,1.3749391086881548,1.2919866989904638
2021-10-04,0.5265471609144529,1.357208008400803,1.308648051907817
2021-10-05,0.5265471609144529,1.3713295800640768,1.2950317402351537
2021-10-06,0.5243588084889766,1.3770288842013334,1.2896495331696165
2021-10-07,0.5243588084889766,1.3889342471953194,1.2784996248390341
2021-10-08,0.5234025131524613,1.3864011890644818,1.2808312786783074
2021-10-11,0.5271918474110988,1.3763639091700928,1.290104252578638
2021-10-12,0.5271918474110988,1.3729758685405886,1.2932799574884448
2021-10-13,0.5290885746018082,1.3779155516461548,1.2886270037817176
2021-10-14,0.520188960608677,1.4010929875490419,1.2669514593354714
2021-10-15,0.5241505106863863,1.4117631486905013,1.2573028661659595
2021-10-18,0.5225986774675746,1.415942904135866,1.2535804156216142
2021-10-19,0.5266304692869838,1.4268667492655729,1.2439091793889347
2021-10-20,0.5266304692869838,1.4324707941453572,1.2390237036630063
2021-10-21,0.5280042132404753,1.43620747139207,1.2357916435745646
2021-10-22,0.5274571054978445,1.4347193010178219,1.2370721469484458
2021-10-25,0.5274571054978445,1.4424132236202882,1.2304381403204343
2021-10-26,0.5274571054978445,1.4437112843176065,1.2293308408557062
2021-10-27,0.5274571054978445,1.437315524621962,1.2347768775598345
2021-10-28,0.5325464441453259,1.4511839233445067,1.2228627377776995
2021-10-29,0.5314658326862665,1.4541285791468481,1.2253440978577956
2021-11-01,0.5305515746747119,1.4566300545410344,1.2274520050636364
2021-11-02,0.5326965771625075,1.4625191617267101,1.232414552966968
2021-11-03,0.5326965771625075,1.4714482861817035,1.2399388187759675
2021-11-04,0.5326965771625075,1.4783825877524797,1.245782116008666
2021-11-05,0.5345449272667184,1.4835122783254722,1.250104729674055
2021-11-08,0.5350010853999525,1.4847782452386202,1.2511715164131063
2021-11-09,0.5332328005130555,1.4798707581267276,1.2470361459554271
2021-11-10,0.5289429768801434,1.4679652929232376,1.2370038202529043
2021-11-11,0.5291140822157647,1.468440158277548,1.2374039729405868
2021-11-12,0.5331072888936415,1.4795224281380297,1.2467426202645917
2021-11-15,0.5332897742440512,1.4800288762289915,1.2471693866372706
2021-11-16,0.5354004171162982,1.4858865028875194,1.2521054069840358
2021-11-17,0.5340998176915311,1.4822769742634414,1.2490637814641263
2021-11-18,0.5322856812887391,1.4873117122074728,1.2533063818176653
2021-11-19,0.5313337810691016,1.4846519142920152,1.2510650616731203
2021-11-22,0.5298379848971991,1.480472363265658,1.2475430978968172
2021-11-23,0.5305404516311621,1.4824351945752092,1.2491971082744002
2021-11-24,0.5291238859813262,1.4863933598164962,1.2525325178704363
2021-11-26,0.5291238859813262,1.4532418094925228,1.2245968475955629
2021-11-29,0.5226332519129799,1.4710683734563545,1.2396186794001351
2021-11-30,0.5226332519129799,1.4424449085664435,1.215498670849261
2021-12-01,0.5226332519129799,1.4264233644384101,1.2019978671257197
2021-12-02,0.5226332519129799,1.4482708502788164,1.2204079913825996
2021-12-03,0.5271807594269273,1.4356692361454497,1.2097890449405582
2021-12-06,0.5334242444457947,1.452672093718755,1.2241167677244607
2021-12-07,0.5223904207472333,1.482720461300108,1.2494374927236729
2021-12-08,0.5210072276365757,1.4866464305477212,1.2527457718641302
2021-12-09,0.5174897252528377,1.476609559491347,1.244288046126353
2021-12-10,0.5223610858234794,1.490509540950543,1.2560010820198857
2021-12-13,0.5177337678982862,1.4773059128402313,1.2448748391227327
2021-12-14,0.5212958305419593,1.4671418931612223,1.2363099696175261
2021-12-15,0.5294412112436495,1.4900663605423878,1.2556276291456303
2021-12-16,0.524772331858615,1.4769262045338898,1.2445548720037616
2021-12-17,0.524772331858615,1.4612074049558925,1.231309180691093
2021-12-20,0.5191921150548936,1.44566951619949,1.218215936700249
2021-12-21,0.528412503809618,1.471343317021377,1.2398503648779369
2021-12-22,0.5336959068186092,1.4860547397306523,1.25224717438049
2021-12-23,0.5303751235428411,1.4953013269042181,1.2600389550943414
2021-12-27,0.5303751235428411,1.5164628847651205,1.2778710714547434
2021-12-28,0.5308084874570568,1.515223798951452,1.2768269364928897
2021-12-29,0.5314873996263043,1.5171617933515977,1.2784600176618832
2021-12-30,0.5314873996263043,1.5129678307852152,1.2749259097768924
2021-12-31,0.5328269063119382,1.5091547008297153,1.271712716423607
2022-01-03,0.5359120055837935,1.517892795722245,1.2790760081961714
2022-01-04,0.5360914993817888,1.5173844056507126,1.278647605383315
2022-01-05,0.5463855813759027,1.4882474402140828,1.2540948875980638
2022-01-06,0.5468989545939932,1.4868491119936096,1.2529165645416322
2022-01-07,0.5468989545939932,1.4809708390153289,1.2479631462519243
2022-01-10,0.5468989545939932,1.479128308291663,1.2464105090369333
2022-01-11,0.5518801582042756,1.492600338558759,1.2577629251923417
2022-01-12,0.5533721988978417,1.496635671975359,1.261163361753337
2022-01-13,0.5609969081567893,1.4760140869226406,1.2437862618907882
2022-01-14,0.5607674369414404,1.476617838461149,1.2442950225292169
2022-01-18,0.550836434824948,1.4504674347233883,1.2222589774805297
2022-01-19,0.5565560641634052,1.4354064555113706,1.2095676087459761
2022-01-20,0.5503961180186634,1.4195194190902405,1.1961801500368534
2022-01-21,0.5612007925921865,1.391653224413434,1.1726982670268828
2022-01-24,0.5612007925921865,1.3975631823378698,1.1776783851300179
2022-01-25,0.5543491308859941,1.3805004299953814,1.1633001910858953
2022-01-26,0.5557399108030658,1.3770369587521274,1.1662187390787497
2022-01-27,0.558484107325512,1.370237267097758,1.171977428253272
2022-01-28,0.5723543076629102,1.4042677169442699,1.142870849377417
2022-01-31,0.5826630174154577,1.429560071898252,1.122286529991429
2022-02-01,0.5826630174154577,1.4392194832573666,1.1147033388621568
2022-02-02,0.5770029272007282,1.4532003124340096,1.103874916134031
2022-02-03,0.5770029272007282,1.419042611755359,1.1298216687250915
2022-02-04,0.5797161197465135,1.425715256996597,1.1245090029046194
2022-02-07,0.5815765043908295,1.4211399507718134,1.1281176989717803
2022-02-08,0.5767914452653036,1.43283271799805,1.118835842071824
2022-02-09,0.5852334872763943,1.4538039617630147,1.102460323225597
2022-02-10,0.5957475797199296,1.4276854473904166,1.1222667252954248
2022-02-11,0.5840001376241819,1.3995331683126817,1.1443965061290964
2022-02-14,0.5820909015904749,1.3949577598783944,1.148137811833644
2022-02-15,0.5820909015904749,1.417453969438949,1.1296220190531818
2022-02-16,0.5820909015904749,1.4190426117553596,1.128355970645467
2022-02-17,0.5696566058404047,1.3887298281878677,1.15245927102695
2022-02-18,0.5733450730699837,1.3797379470975866,1.1599213248520548
2022-02-22,0.567192125421745,1.3649310607118312,1.172369212735133
2022-02-23,0.557130831951165,1.340718855793224,1.193165606367062
2022-02-24,0.5487464915136593,1.3608955228762238,1.1752094889375724
2022-02-25,0.5608540763477814,1.3909224264617948,1.1492795762999026
2022-02-28,0.5608540763477814,1.387363798170572,1.1522199694785136
2022-03-01,0.5523120558468809,1.3662337208368172,1.1697687170331792
2022-03-02,0.5421515663883381,1.391367344431513,1.1482493194525407
2022-03-03,0.5394523773061323,1.384440197525998,1.1539660640289024
2022-03-04,0.535069610154577,1.3731923482694801,1.16334143203579
2022-03-07,0.51929615674852,1.3327116610618377,1.1976358706009909
2022-03-08,0.51929615674852,1.322607536152012,1.2067159010281265
2022-03-09,0.51929615674852,1.3580677947461448,1.1743627979869902
2022-03-10,0.5169511927044567,1.3519352245225944,1.1796658192017202
2022-03-11,0.5235242832509027,1.3347452213479674,1.1946653981824642
2022-03-14,0.5235242832509027,1.3249905507313804,1.203396328452838
2022-03-15,0.5235242832509027,1.3541278227965212,1.1769329803142665
2022-03-16,0.5235242832509027,1.3841545219630846,1.1508354347619412
2022-03-17,0.530074016189272,1.4014714693413395,1.1364375071111041
2022-03-18,0.5358797688034943,1.4168213948203903,1.1239904245786627
2022-03-21,0.5360364125173651,1.4164072419112932,1.124318979685071
2022-03-22,0.5360364125173651,1.4329813306164685,1.1111627616491713
2022-03-23,0.5360364125173651,1.414526484833234,1.125473023037913
2022-03-24,0.5441168060245917,1.4358495337100232,1.108507263444819
2022-03-25,0.5414594530364275,1.4428619233416458,1.1030935451837742
2022-03-28,0.5453108480568178,1.453124984029765,1.0952472531611293
2022-03-29,0.5385649232470224,1.4711012849165552,1.0816981817566482
2022-03-30,0.5385649232470224,1.4620176196919283,1.088377384784958
2022-03-31,0.5385649232470224,1.4395152775611504,1.1051289204367603
2022-04-01,0.5400912176743299,1.4435948676928638,1.1019969821319975
2022-04-04,0.5400912176743299,1.4559615021771648,1.1114372996239883
2022-04-05,0.5469131855418536,1.4375710483812776,1.0973985793177192
2022-04-06,0.5469131855418536,1.4231960993582675,1.0864251748008582
2022-04-07,0.5496690982552975,1.4303676291871914,1.0918997053673003
2022-04-08,0.5511388267214039,1.4265430517672741,1.0889801377870867
2022-04-11,0.5417184807986029,1.4021598503489332,1.0703667338611833
2022-04-12,0.5397113742616412,1.396964745693556,1.0664009469356348
2022-04-13,0.5458929765008717,1.412964928035311,1.0786150057749786
2022-04-14,0.5458929765008717,1.3953711973209668,1.0651844799497958
2022-04-18,0.5456685745157862,1.395944797055876,1.0656223487667111
2022-04-19,0.5456685745157862,1.4184790285518163,1.0828243045639614
2022-04-20,0.5452639868133481,1.4174272927584775,1.0820214410347277
2022-04-21,0.5371102274383708,1.3962313925043233,1.0658411271278359
2022-04-22,0.5223724617916369,1.3579202042227656,1.0365955161790792
2022-04-25,0.519344069758868,1.3657925846187375,1.0426050550273442
2022-04-26,0.519344069758868,1.3262382221433624,1.0124104422218265
2022-04-27,0.5208044803559019,1.329967642515311,1.015257369768443
2022-04-28,0.5339595826854696,1.36356155557141,1.0409019544329696
2022-04-29,0.5536923762652491,1.3131703282539986,1.0024348043533466
2022-05-02,0.5536923762652491,1.3210747002246368,1.008468764609255
2022-05-03,0.5562305468258351,1.3271306133203928,1.0038458623636668
2022-05-04,0.5731694617999126,1.367545784236147,0.9732756971566453
2022-05-05,0.5731694617999126,1.3189394414823,1.0078685953800923
2022-05-06,0.5765906387390938,1.3110668566673205,1.0138844371617035
2022-05-09,0.5581297143494582,1.2690899245346352,1.0463463653941873
2022-05-10,0.559419297762488,1.272022212987026,1.0439287357958975
2022-05-11,0.5505322794683727,1.2518146786339008,1.060512743194065
2022-05-12,0.5499574531347318,1.2505076235002548,1.0616200545628705
2022-05-13,0.5631058638343699,1.2804048232255973,1.0362387884216417
2022-05-16,0.5608210774946268,1.2752096163607165,1.0404432984091172
2022-05-17,0.5723572504628996,1.3014408678159242,1.0190412250281593
2022-05-18,0.5492847696750087,1.2489780582769974,1.0601201299734808
2022-05-19,0.5459204983178754,1.2413282901801403,1.0666131769052216
2022-05-20,0.5456821710406652,1.2418702049688948,1.0661475358181556
2022-05-23,0.5558920179450609,1.2651059002889058,1.0461996546230579
2022-05-24,0.5516484916601425,1.255448430910362,1.0541860541221495
2022-05-25,0.5467748160710479,1.2665400018356832,1.0448725856435586
2022-05-26,0.5577002016795198,1.291847381586713,1.0239944552426266
2022-05-27,0.5713911854179909,1.3235609464027678,0.9988564126297826
2022-05-31,0.5681851354390894,1.3161345060715517,1.0044609505756992
2022-06-01,0.5635893808938506,1.3054889774204903,1.012585513664728
2022-06-02,0.5743219860847855,1.330349803849742,0.9933025376033489
2022-06-03,0.5743219860847855,1.3085169339683684,1.0096039983120857
2022-06-06,0.5725733555107216,1.312500958214098,1.0065300703380224
2022-06-07,0.5670811234165569,1.3250907160450327,0.9968752432266185
2022-06-08,0.5732464041733553,1.3106843887043789,1.0077132265418896
2022-06-09,0.5596128621786376,1.2795123298390638,1.0316797102261668
2022-06-10,0.5433866038854117,1.2424122219671536,1.0615937858048414
2022-06-13,0.5227551105426764,1.19523987855058,1.1019007513573826
2022-06-14,0.5211799635316204,1.1916384244772962,1.1052209593093991
2022-06-15,0.5211799635316204,1.2086267683010723,1.0894646079931618
2022-06-16,0.5384290677652146,1.168625750294415,1.1255218049251878
2022-06-17,0.5372683516582949,1.1711450101422496,1.1230954662189803
2022-06-21,0.5237432386140513,1.2006272392824653,1.094822829103459
2022-06-22,0.5227935948290551,1.1984502790626086,1.096807946272859
2022-06-23,0.5176687553560737,1.2101984438398643,1.086056160648598
2022-06-24,0.5176687553560737,1.2486751093079542,1.0515264355563685
2022-06-27,0.5196460274392493,1.2439057072355952,1.05554281445549
2022-06-28,0.5302639197914492,1.2184890655250824,1.0771106498380798
2022-06-29,0.5302639197914492,1.2174969178724158,1.0779876809359656
2022-06-30,0.525955934822799,1.207605695358851,1.0867454986047385
2022-07-01,0.5315186458989405,1.2203777949444323,1.0752516626732698
2022-07-05,0.5325224356881203,1.2226825170439464,1.073221015868839
2022-07-06,0.5343209684417877,1.2268119854134778,1.0695963363819174
2022-07-07,0.5423235088125928,1.2451859834792651,1.0535769615718231
2022-07-08,0.5423235088125928,1.2441620486709395,1.054443333454029
2022-07-11,0.5423235088125928,1.2299491017113349,1.0664889887497362
2022-07-12,0.5471225567090688,1.2190652204975847,1.0759264032355664
2022-07-13,0.5442492637567048,1.2126631238127092,1.081576785793862
2022-07-14,0.5442492637567048,1.2097182635913604,1.0842033128072377
2022-07-15,0.5442492637567048,1.2328300809928554,1.0634894741012682
2022-07-18,0.5397554535961673,1.2226507298882876,1.072270597242075
2022-07-19,0.5543392083598273,1.2556857613780135,1.0432987150197204
2022-07-20,0.5543392083598273,1.2636882544722285,1.0366497658805771
2022-07-21,0.5486942205746012,1.2765567376198235,1.0260932777633684
2022-07-22,0.543603329820983,1.2647125981185692,1.0356135690007078
2022-07-25,0.5442638922373533,1.2662494202165908,1.034355137780667
2022-07-26,0.5507031456993536,1.2512682666269828,1.0465927214177373
2022-07-27,0.5650028955946655,1.2837591347188724,1.0194165298971283
2022-07-28,0.5720893205612675,1.2998604022598117,1.0066307215319756
2022-07-29,0.5720893205612675,1.3188106575076055,0.9919553694094414
2022-08-01,0.5737832848227465,1.314905641208256,0.9948925627538536
2022-08-02,0.5699977304574878,1.3062305073700213,0.988328725877602
2022-08-03,0.5699977304574878,1.3266854909316668,1.0038055102026229
2022-08-04,0.5703828064970733,1.3257892157934947,1.0031273646070735
2022-08-05,0.5703828064970733,1.3235485790528168,1.001432039285414
2022-08-08,0.5703828064970733,1.3220119613738024,1.000269393501004
2022-08-09,0.5703828064970733,1.316762174633932,0.9962972652966247
2022-08-10,0.5703828064970733,1.344419350875619,1.0172234200618768
2022-08-11,0.5703828064970733,1.344419350875619,1.0172234200618768
2022-08-12,0.5607267830386156,1.3671790565367785,1.0344440183946573
2022-08-15,0.5584161744027156,1.372812844382147,1.0387066920434977
2022-08-16,0.5584161744027156,1.3755018742156702,1.040741283499001
2022-08-17,0.5544524761785842,1.3657384135817627,1.033353989637756
2022-08-18,0.5528409633867142,1.3697079240779633,1.036357426802125
2022-08-19,0.5528409633867142,1.3513016278089984,1.022430733743747
2022-08-22,0.5528409633867142,1.3231643735283112,1.001141339172098
2022-08-23,0.5515034459600906,1.3199631718716176,0.9987192248999339
2022-08-24,0.5532689518812742,1.3241887171746514,1.0019163848054196
2022-08-25,0.5610797632594446,1.3428830398251153,1.01606100628075
2022-08-26,0.5420876990797693,1.2974276116521286,0.9816682209668615
2022-08-29,0.5385033915238508,1.2888489635854112,0.9751773877902563
2022-08-30,0.54441511605777,1.2746998975656352,0.9644718283099172
2022-08-31,0.5402727139182912,1.265000828919075,0.9571332551380545
2022-09-01,0.5419679758641114,1.268970134996268,0.9601365376335682
2022-09-02,0.5362531511534883,1.2555893778159992,0.950012301045434
2022-09-06,0.5342297937065793,1.2508518651088028,0.9464277729921429
2022-09-07,0.5246322581997421,1.2733236465979665,0.9634305202423981
2022-09-08,0.5212031917559342,1.2816462598578509,0.9697276306778868
2022-09-09,0.5293002645168743,1.3015570800216598,0.9847926865104107
2022-09-12,0.5349890479420263,1.3155458815395937,0.9953769856082865
2022-09-13,0.5117264028021714,1.2583426974273662,0.9520955358558923
2022-09-14,0.5117264028021714,1.2631441932838952,0.9557284752608557
2022-09-15,0.5117264028021714,1.2488032800256257,0.9448777590599274
2022-09-16,0.5078225127123593,1.23927633218334,0.9376694170641288
2022-09-19,0.5117604953516094,1.2488864785616587,0.9303981248442705
2022-09-20,0.5058863574600063,1.2345513912451018,0.9410775089097976
2022-09-21,0.4970617900289031,1.2130161554385779,0.9574934525556503
2022-09-22,0.4970617900289031,1.202827094431156,0.9655361807242369
2022-09-23,0.4970617900289031,1.1826738333245093,0.9817136536529228
2022-09-26,0.4970617900289031,1.1709740136425157,0.9914254375813821
2022-09-27,0.49579295246484656,1.1679848967060533,0.9939562252266995
2022-09-28,0.49579295246484656,1.1909666014093052,0.9743987733105487
2022-09-29,0.49579295246484656,1.1660886037834275,0.9947529044342871
2022-09-30,0.503459772701694,1.148056496507603,1.0101355186091432
2022-10-03,0.503459772701694,1.1783668270470053,0.9834664987901947
2022-10-04,0.487859289177499,1.214880354577033,0.9529922608413669
2022-10-05,0.4889951067724743,1.2120519109804277,0.9552109853829531
2022-10-06,0.4839507296430236,1.1995486223896454,0.9650647536144372
2022-10-07,0.49744997437233685,1.1660886037834275,0.9919841164559505
2022-10-10,0.5012481684753118,1.1571851339138692,0.9995582413237262
2022-10-11,0.5044226035227622,1.1498566102872225,1.005888504280851
2022-10-12,0.5060864363194753,1.146063820022964,1.0092064172204593
2022-10-13,0.5194425475009221,1.1763095541560116,0.9825724824889678
2022-10-14,0.5076050717329571,1.1495028631948272,1.0049641367877749
2022-10-17,0.5076050717329571,1.1790418186096108,0.9791394157013698
2022-10-18,0.5135692731329446,1.1928951925351077,0.9676348327113453
2022-10-19,0.5099298249343437,1.1844416489009506,0.9744920514606906
2022-10-20,0.505653908936442,1.1745097470049028,0.9826634624057266
2022-10-21,0.517942041013193,1.2030520575488557,0.9587832981280748
2022-10-24,0.5242798328180522,1.2177731901609852,0.9470511573703462
2022-10-25,0.5159078434588461,1.2372192637113528,0.9319281224645195
2022-10-26,0.5120209978616992,1.2278980636000671,0.9389492615411684
2022-10-27,0.5147552194434811,1.2213410173075432,0.9439633046093736
2022-10-28,0.5025088025090331,1.2503976460742445,0.9215057019228698
2022-10-31,0.49887896865873144,1.2413654944394954,0.9281621277872216
2022-11-01,0.49669595029473357,1.2359334681544818,0.932223623855445
2022-11-02,0.48423077824288874,1.2049162566873113,0.9556188777431744
2022-11-03,0.4792446601311028,1.1925092494490386,0.9654588730684815
2022-11-04,0.4792446601311028,1.209673393619223,0.9515627332310861
2022-11-07,0.4838289587147017,1.221244735955033,0.9424603935431207
2022-11-08,0.48643934284528606,1.2278336716127194,0.9373755725321073
2022-11-09,0.48643934284528606,1.202537637116603,0.9566875407300833
2022-11-10,0.48643934284528606,1.268622213845584,0.9041134763185701
2022-11-11,0.4817313137504895,1.2809006415281694,0.8953629658713521
2022-11-14,0.4776333273783384,1.2700042907549647,0.8877463025415316
2022-11-15,0.48170705825933663,1.2808361473313183,0.8953178837521761
2022-11-16,0.4853818228286457,1.2710651231941352,0.8884878355287391
2022-11-17,0.483896663455891,1.2671759493678632,0.8857692622850519
2022-11-18,0.48169962208792794,1.2729293223325908,0.8897909302540186
2022-11-21,0.48345115243593983,1.268300764956366,0.8865555201638666
2022-11-22,0.47694537673698895,1.2853682189360258,0.8984858492773484
2022-11-23,0.47694537673698895,1.2934684243158026,0.9041479776875203
2022-11-25,0.47683856869897157,1.2931787625822435,0.9039455011015538
2022-11-28,0.4692296831649676,1.2725435836655294,0.8895212948851274
2022-11-29,0.47003564290138317,1.2703578334283523,0.8879934325735916
2022-11-30,0.4848420591187296,1.3103748983270944,0.9159657801168465
2022-12-01,0.4844852862065043,1.3094106538689447,0.9152917631401325
2022-12-02,0.48392630163838873,1.307899895194373,0.9142357270013993
2022-12-05,0.475220876181871,1.2843718806937063,0.8977893984093172
2022-12-06,0.46837071525025764,1.265858060026822,0.8848480438307643
2022-12-07,0.469167573638375,1.263704403573815,0.8833426154105459
2022-12-08,0.46549209629447674,1.2736043138951962,0.8902627564268212
2022-12-09,0.46549209629447674,1.2640901422408761,0.883612250779437
2022-12-12,0.4722032374764935,1.2823149144312238,0.8963515574451059
2022-12-13,0.4757777101757338,1.292021751000067,0.9031367378859082
2022-12-14,0.4727358515984999,1.2837612811184482,0.8973625829101769
2022-12-15,0.48429976195532076,1.2523583309842166,0.8754115918202271
2022-12-16,0.47858200900331865,1.2375727041752362,0.8650762838012057
2022-12-19,0.4745238115137506,1.2270785477991928,0.85774075856799
2022-12-20,0.4751730962347691,1.2287575433168971,0.8589143940223551
2022-12-21,0.4822781928105461,1.2471307237066547,0.8717574395739885
2022-12-22,0.4753978379967288,1.2293387065550823,0.8593206332135356
2022-12-23,0.4781324464284807,1.2364101732798585,0.8642636625278175
2022-12-27,0.4781324464284807,1.2315344733236246,0.860855497185419
2022-12-28,0.4781324464284807,1.2162291111881982,0.8501568887289808
2022-12-29,0.4695258507176221,1.2381217736292514,0.8654600891010689
2022-12-30,0.47076269273612564,1.2348602683653598,0.8631802627573182
2023-01-03,0.47274449534262647,1.2296617907963596,0.8595464724824983
2023-01-04,0.4763941318532357,1.2391549072929122,0.8529106846109464
2023-01-05,0.4818313157588871,1.2250121782623673,0.8626451291333518
2023-01-06,0.47078196152109103,1.253104153732904,0.8428629537089685
2023-01-09,0.4705150860071744,1.2523937976820094,0.8433407534173634
2023-01-10,0.473814627343047,1.2611763537086598,0.837426729066433
2023-01-11,0.4798074994049791,1.277127884326641,0.8268348415245065
2023-01-12,0.4798074994049791,1.281777292441626,0.8238247337121919
2023-01-13,0.47794599405542726,1.2867501936359032,0.8206285474274836
2023-01-17,0.4788215276826791,1.2843930380609778,0.822131830011064
2023-01-18,0.47126190853322747,1.2641150813597855,0.8351116213659007
2023-01-19,0.4678312049417235,1.2549125464823254,0.8411910867053422
2023-01-20,0.4678312049417235,1.2782901085935077,0.8255206745065397
2023-01-23,0.46221785951586686,1.2936278711416151,0.8156155363856897
2023-01-24,0.46172181078995767,1.2922395594525071,0.816490848837008
2023-01-25,0.4618948782207229,1.292723930290664,0.8161848031399035
2023-01-26,0.46697127939102995,1.306931460146571,0.8072146203446176
2023-01-27,0.465898363575784,1.3099342731565324,0.8053599595320833
2023-01-30,0.4717439368167483,1.2934986783289057,0.7952552006472217
2023-01-31,0.4717439368167483,1.3125176183632032,0.806948224557082
2023-02-01,0.47675745258905,1.326466558174684,0.815524164459028
2023-02-02,0.4698172411698859,1.3457760798280738,0.8273958406919771
2023-02-03,0.46482345850470336,1.331471553153131,0.8186012826289246
2023-02-06,0.4676641266701435,1.3233345523520128,0.8135985777068603
2023-02-07,0.4676641266701435,1.340641994246421,0.8242393564003564
2023-02-08,0.46255029462148844,1.3259822895460307,0.815226431533669
2023-02-09,0.45854035688955264,1.3144870932904964,0.8081590763381582
2023-02-10,0.4574702985505656,1.3175546049163165,0.8100450114491479
2023-02-13,0.462840605526974,1.3330215602771334,0.8195542416439238
2023-02-14,0.46262756908393454,1.332407996626267,0.8191770169181051
2023-02-15,0.46112524162380014,1.3367348315474932,0.8218371958816372
2023-02-16,0.467474396519973,1.3183295573735658,0.8105214595369635
2023-02-17,0.46864225734690657,1.315036060535008,0.808496586583431
2023-02-21,0.4592409164890149,1.288655378785353,0.7922774943574258
2023-02-22,0.4598737943111558,1.2868794886581165,0.7911856603392516
2023-02-23,0.45742755860602524,1.2937248679606512,0.7953942641685006
2023-02-24,0.4525410738100849,1.2799046099143614,0.7868974390308069
2023-02-27,0.4509996889820965,1.284264049667276,0.7895776637527158
2023-02-28,0.4509996889820965,1.2795172358952405,0.786659277826267
2023-03-01,0.4509996889820965,1.2746090333168216,0.7836416685378212
2023-03-02,0.4509996889820965,1.284522333083191,0.7897364588355316
2023-03-03,0.4582326693119109,1.3051230673971495,0.8024019848038243
2023-03-06,0.4582326693119109,1.3060272126671082,0.8029578618527319
2023-03-07,0.4512085673335679,1.286007539381831,0.7906495776912489
2023-03-08,0.4512085673335679,1.2881066159598487,0.7919401097908888
2023-03-09,0.44288373965557054,1.2643409643630195,0.7773287627939477
2023-03-10,0.44288373965557054,1.2460972834144826,0.7661123754900068
2023-03-13,0.4422524860567608,1.2443211888682386,0.7650204157930967
2023-03-14,0.4422524860567608,1.2648900338170346,0.7776663358785882
2023-03-15,0.4422524860567608,1.256978813809647,0.7825302286368456
2023-03-16,0.4500118959069827,1.2790327628475795,0.7688005765588654
2023-03-17,0.4500118959069827,1.2640775704719178,0.7777898384878247
2023-03-20,0.45433902748298277,1.276232426864499,0.7703109273740876
2023-03-21,0.46030472070184186,1.2929899816288621,0.7601963688662985
2023-03-22,0.4524581674305529,1.2709491154074064,0.7731550048234856
2023-03-23,0.45368137596555,1.2743850922941582,0.7710648009795668
2023-03-24,0.45665838252471136,1.2827474650509918,0.7660051598048122
2023-03-27,0.45665838252471136,1.2851459132654224,0.7645729030607262
2023-03-28,0.4576834051458381,1.2822612544417678,0.7662890754800411
2023-03-29,0.46433580811247654,1.300898850817664,0.7551511061726294
2023-03-30,0.46433580811247654,1.308515809663825,0.7507295826277861
2023-03-31,0.47088050194070274,1.3269590035636347,0.7401482421835429
2023-04-03,0.4726747298715876,1.3320152055034484,0.7373280051092793
2023-04-04,0.47529714112078947,1.3246251517555587,0.7414187193631924
2023-04-05,0.4765415782000599,1.3211569788751334,0.7433599238557442
2023-04-06,0.47840044859156045,1.326310484262494,0.740460261337517
2023-04-10,0.4788915168689605,1.327671914852122,0.7397001940213414
2023-04-11,0.4788915168689605,1.3280286260201253,0.7395014556754972
2023-04-12,0.4769395656343586,1.3226156107028046,0.7425156472586625
2023-04-13,0.4769395656343586,1.3401833802032026,0.7326531115106174
2023-04-14,0.4781045867127717,1.3369097120083675,0.7308634585239974
2023-04-17,0.47982012209836195,1.3417068128562362,0.7334859435617451
2023-04-18,0.47950719973001404,1.342581828417633,0.733964298153473
2023-04-19,0.47950719973001404,1.342355127738369,0.7338403651451266
2023-04-20,0.47950719973001404,1.3350297726063378,0.7298357309214213
2023-04-21,0.47950719973001404,1.336066892440644,0.7304027048779992
2023-04-24,0.4790069613028846,1.3374607234429534,0.7311646861380616
2023-04-25,0.48661060955751845,1.3162301741670361,0.7195583431436262
2023-04-26,0.48454948651429797,1.3106550545768063,0.7165105298554131
2023-04-27,0.49419594743190115,1.3367477099449618,0.7307748950351654
2023-04-28,0.49419594743190115,1.3481570502173665,0.7370121673177042
2023-05-01,0.4946949716134481,1.346795721837242,0.7362679546314264
2023-05-02,0.5002549526263892,1.3316588009639558,0.7279928839654839
2023-05-03,0.49682116885630695,1.3225182050457536,0.7229958916587171
2023-05-04,0.4933022604231556,1.3131510106577913,0.7178750222196223
2023-05-05,0.4933022604231556,1.3374607234429532,0.7311646861380614
2023-05-08,0.49317073057541394,1.3378173324014528,0.7313596375655278
2023-05-09,0.49317073057541394,1.3319503024685821,0.7281522423693629
2023-05-10,0.49547507040436295,1.3381738391504487,0.7315545331169759
2023-05-11,0.49461100919604367,1.3358401917613805,0.730278771869653
2023-05-12,0.49461100919604367,1.3340898540100754,0.7293218950581425
2023-05-15,0.49631748783674,1.338692654591361,0.7318381597853104
2023-05-16,0.493000667528488,1.3297463589397418,0.7269473877891236
2023-05-17,0.48701615042396684,1.3458881014441568,0.7357717755898958
2023-05-18,0.4823245654717757,1.3588534792012836,0.7428597043733652
2023-05-19,0.48162274381634995,1.3568762363517073,0.7417787828014721
2023-05-22,0.48162274381634995,1.3574271455767897,0.7420799545395184
2023-05-23,0.4870278955512331,1.3421930234654602,0.7337517457802769
2023-05-24,0.4870278955512331,1.3324692201189983,0.7284359249137158
2023-05-25,0.4828102848959663,1.3440082642516311,0.7347441038633382
2023-05-26,0.4890629504567446,1.3614139294791197,0.7442594545050528
2023-05-30,0.4888766489719278,1.3619325405010245,0.7445429694213509
2023-05-31,0.48616574105547816,1.3543803824802259,0.7404143463132811
2023-06-01,0.49078480322799606,1.367248354580302,0.747449025251415
2023-06-02,0.4978822022267827,1.3870205786570586,0.7582581292183098
2023-06-05,0.4988362976992789,1.384362620512668,0.7568050733652687
2023-06-06,0.4999224087566355,1.387376778777543,0.7584528571417033
2023-06-07,0.49819380168722105,1.3825795757201707,0.7558303162279372
2023-06-08,0.4951803867427342,1.390942357315019,0.760402092036275
2023-06-09,0.4942918903455309,1.3934381089769965,0.7617664726484479
2023-06-12,0.49877607043604294,1.406079278188305,0.7686771627022173
2023-06-13,0.49877607043604294,1.4153493735477276,0.7737449499240312
2023-06-14,0.49877607043604294,1.417034706054663,0.7746662895879726
2023-06-15,0.5049597834666824,1.434602782183572,0.7842704272225917
2023-06-16,0.5066797380437424,1.429716350229447,0.7815991065449455
2023-06-20,0.5040508749970303,1.42229839328704,0.7775438486487596
2023-06-21,0.5014683401557406,1.4150111622998987,0.7735600561798391
2023-06-22,0.5032784726104549,1.4201188778295901,0.7763523484368675
2023-06-23,0.5032784726104549,1.4093826893487238,0.7704830756101305
2023-06-26,0.5012222405505551,1.4036244103278173,0.7673351324973202
2023-06-27,0.5067172541117443,1.4190126643707652,0.7757476022919929
2023-06-28,0.5069728140692049,1.4197283353158536,0.7761388461713621
2023-06-29,0.5049745775494944,1.42532420343534,0.7791980022912679
2023-06-30,0.5109335866953523,1.4421439015779685,0.7883930157206971
2023-07-03,0.511521408812772,1.44380306845195,0.7893000511239817
2023-07-05,0.5107606765363749,1.4416558511976776,0.7881262077338379
2023-07-06,0.506761146871686,1.4303669137206618,0.7819547574007273
2023-07-07,0.5054816841183569,1.4267555453255165,0.7799804900500061
2023-07-10,0.506761146871686,1.4303669137206618,0.7819547574007273
2023-07-11,0.506761146871686,1.4394762335307238,0.7869346516459277
2023-07-12,0.5026837655714764,1.4510582056549213,0.7932662985231901
2023-07-13,0.5066734319538296,1.4625748659062379,0.7995622406248288
2023-07-14,0.5066734319538296,1.461664077018537,0.7990643294267343
2023-07-17,0.5084327113821016,1.4667392899260436,0.8018388531099782
2023-07-18,0.5122106536782665,1.477637991517834,0.8077969688056379
2023-07-19,0.5122106536782665,1.4809239248531159,0.8095933269144407
2023-07-20,0.5088123902305536,1.4710987296789582,0.8042220770378348
2023-07-21,0.5088123902305536,1.4710987296789582,0.8042220770378348
2023-07-24,0.5110854172690964,1.4776705963495222,0.8078147932554405
2023-07-25,0.5124806679947365,1.4817046010425736,0.8100201079413788
2023-07-26,0.5124018342783542,1.4819325282358822,0.8101447114619433
2023-07-27,0.5157990877334164,1.4721072308522207,0.8047734057093192
2023-07-28,0.5107491931076764,1.486519792972602,0.8126524830343465
2023-07-31,0.5097767439326715,1.4893500763402743,0.8141997458540566
2023-08-01,0.5083179641639617,1.4850881444539141,0.8118698276475537
2023-08-02,0.5153891172933905,1.4644292529323357,0.8005759992228572
2023-08-03,0.5139121289324317,1.4602325307093527,0.7982817299159597
2023-08-04,0.5162364251560887,1.4536282636261073,0.7946713010005875
2023-08-07,0.5207423901283298,1.4663162447901223,0.8016075822706882
2023-08-08,0.5184779192228522,1.4599399049001855,0.7981217568758806
2023-08-09,0.5219440824228996,1.450179817179901,0.7927861000228619
2023-08-10,0.5219440824228996,1.450700267972873,0.7930706207074874
2023-08-11,0.5222484217306391,1.449854382120038,0.7926081907809437
2023-08-14,0.5251312742915069,1.4578576928902827,0.796983450633306
2023-08-15,0.5190140071720991,1.4408750727987152,0.7876993708308815
2023-08-16,0.5152054740889283,1.4303019084762918,0.7819192202531583
2023-08-17,0.5152054740889283,1.419403002465494,0.7759609928054623
2023-08-18,0.5154534830884643,1.4200862729979014,0.776334523987065
2023-08-21,0.518807188030881,1.42932580771571,0.78138560427944
2023-08-22,0.5174019397310418,1.4254543161335826,0.7792691324624244
2023-08-23,0.5231646523587048,1.4413307227663252,0.7879484661199743
2023-08-24,0.5304152705862768,1.421355101777154,0.7770281688768805
2023-08-25,0.5304152705862768,1.4313755171034281,0.7825061419482302
2023-08-28,0.533778768266488,1.4404522320818016,0.7874682117436279
2023-08-29,0.533778768266488,1.461273738923808,0.7760854845739904
2023-08-30,0.5359772642405217,1.4672923455507043,0.772888990230682
2023-08-31,0.5351929218201684,1.4651451282964318,0.7740200263057306
2023-09-01,0.5361911961744813,1.4678780060070535,0.7725762771257942
2023-09-05,0.5338737495649161,1.4615337599012868,0.7759153925137932
2023-09-06,0.5374626537680233,1.4517087691461363,0.7811313935172471
2023-09-07,0.5391127387893281,1.4472518215266672,0.7835295754245432
2023-09-08,0.5399246635922317,1.4494314391936207,0.7823495493366337
2023-09-11,0.536373820404968,1.4589637019301003,0.7772043860302602
2023-09-12,0.5334315185879019,1.4509604933693594,0.7814677743431386
2023-09-13,0.5334315185879019,1.452652367284533,0.7805565538454049
2023-09-14,0.5380309093504432,1.4651775287091127,0.773826384220443
2023-09-15,0.5315486223515753,1.4475248231111186,0.7831495748078928
2023-09-18,0.5315486223515753,1.4483736730395615,0.7826903243343106
2023-09-19,0.5304462242332205,1.4453698379345628,0.7843135744087506
2023-09-20,0.535322785782668,1.4320820914026846,0.7915240195866765
2023-09-21,0.535322785782668,1.4084123123203502,0.8046065089177367
2023-09-22,0.5365265535560741,1.4052452486379012,0.8064158086737556
2023-09-25,0.5365265535560741,1.4111546955148182,0.8030246060444047
2023-09-26,0.5365265535560741,1.390422928617083,0.814822121227235
2023-09-27,0.5367407909815808,1.390978130641322,0.8144967591508558
2023-09-28,0.5336291028077609,1.3990421538567799,0.8097748151964391
2023-09-29,0.5323340527937398,1.3956468563525113,0.8117400357592911
2023-10-02,0.5321223240654172,1.3950917565377763,0.8120628944691516
2023-10-03,0.5249993345695925,1.3764170581120276,0.8229331684750616
2023-10-04,0.5288223031861956,1.3864399264663914,0.8169406891146426
2023-10-05,0.5290215176589868,1.3859176359023524,0.8172484416577994
2023-10-06,0.5227405566726728,1.4023723439071758,0.8075454231475252
2023-10-09,0.5227405566726728,1.4113503245049501,0.8023755214646097
2023-10-10,0.5254614306120498,1.4186964281662378,0.7981991425361348
2023-10-11,0.5276138484820587,1.424507753919578,0.7949295246381677
2023-10-12,0.5308303800743548,1.4158234212260081,0.7997757126921844
2023-10-13,0.5334743826316154,1.4087713743069399,0.8037592997455422
2023-10-16,0.539087230190972,1.4235934899087503,0.7953027016955431
2023-10-17,0.5390625365568266,1.4235282802453733,0.7953391316327604
2023-10-18,0.5318794757629143,1.404559627286909,0.8059371030124562
2023-10-19,0.5365527266725614,1.392218749597547,0.813018305561904
2023-10-20,0.5365527266725614,1.3751108206544118,0.8230088759410504
2023-10-23,0.5356228215095523,1.3727276016560364,0.8244352412634037
2023-10-24,0.5396611311935227,1.3830772337938113,0.818219440358548
2023-10-25,0.5396611311935227,1.3632269216562078,0.8299627551144566
2023-10-26,0.5331989100937216,1.3469028373971461,0.8399012193063985
2023-10-27,0.5307820105936563,1.3407975571110904,0.8437083479381676
2023-10-30,0.5244360359951808,1.356827993465948,0.8336210585468996
2023-10-31,0.5277295810034504,1.3653490975820677,0.8283857804810905
2023-11-01,0.5333577113163737,1.3799102723208663,0.8195512120018037
2023-11-02,0.5231362612069853,1.4063553460578686,0.8038450514873339
2023-11-03,0.5183634703647391,1.4191861138985884,0.7965112369827306
2023-11-06,0.5195559429968821,1.4224508898665993,0.7946788975035849
2023-11-07,0.52103456874171,1.426499101680669,0.7924172879645958
2023-11-08,0.5206528819283911,1.4275440916467619,0.7918367982090074
2023-11-09,0.5165923998878863,1.4164109214534244,0.7980121968474052
2023-11-10,0.5165923998878863,1.4385140332626491,0.785559205596855
2023-11-13,0.5170848708283983,1.4371426883511595,0.7863080843664461
2023-11-14,0.5271166987679532,1.4650243166630286,0.7710531274824668
2023-11-15,0.5282325639794166,1.468125659634582,0.7694208677510661
2023-11-16,0.5288787015322431,1.4699214806150451,0.768479707075857
2023-11-17,0.5288787015322431,1.4717495997986856,0.7675239604504278
2023-11-20,0.5248075818827109,1.4830786034011618,0.7616158346971617
2023-11-21,0.5248075818827109,1.4798465344743432,0.7599560475032445
2023-11-22,0.5268337289709527,1.4855598413136104,0.7628900423348675
2023-11-24,0.5271579603514015,1.4864741053244381,0.7633595507925738
2023-11-27,0.5271579603514015,1.4837969317933473,0.7619847229521377
2023-11-28,0.5276799542578103,1.4852661934094062,0.7627392432516936
2023-11-29,0.5280511781677385,1.4842213056528168,0.7622026546588337
2023-11-30,0.5301303845249706,1.4900654406568532,0.7652038346023475
2023-12-01,0.5301303845249706,1.4988803970961846,0.7697306414694712
2023-12-04,0.5273475297384111,1.4910122072898655,0.7656900343612892
2023-12-05,0.5273475297384111,1.4907183549666536,0.7655391303013781
2023-12-06,0.5273475297384111,1.484711093594671,0.7624541789214754
2023-12-07,0.5233236706926964,1.4960399949876433,0.7682719897042776
2023-12-08,0.5233236706926964,1.502471936847607,0.7715750302559824
2023-12-11,0.525359125493133,1.508315765223132,0.7745760527343901
2023-12-12,0.5277585235279355,1.5152044813552463,0.7781136638056577
2023-12-13,0.5204806556527649,1.536099374620928,0.7888439659885323
2023-12-14,0.5204806556527649,1.5410293478236403,0.7913756899627085
2023-12-15,0.5213376771466119,1.5384918946841426,0.7900726137222371
2023-12-18,0.5242703264180862,1.547146279993121,0.7945169613621885
2023-12-19,0.5210823132988851,1.5565542559730698,0.7993483057443052
2023-12-20,0.5210823132988851,1.534984677773294,0.7882715278398744
2023-12-21,0.5210823132988851,1.5495391066848465,0.7957457665609992
2023-12-22,0.52003505629963,1.5526533280538692,0.7973450346658458
2023-12-26,0.5222309203109738,1.5592094544608597,0.8007118485854783
2023-12-27,0.5231751103411696,1.5620284947831222,0.8021595302816211
2023-12-28,0.5233727394715245,1.5626185502481316,0.8024625456339228
2023-12-29,0.524887907548696,1.5580947576132258,0.8001394104368205
