date,mean_equity,std_equity,weight_sum
2020-01-02,0.9999999999999998,2.2204460492503128e-16,33.50843225245989
2020-01-03,0.9937720059568682,0.004306991957873355,33.50843225245989
2020-01-06,0.9960299214112743,0.005664790545570339,33.50843225245989
2020-01-07,0.9946984026684906,0.006175239981548943,33.50843225245989
2020-01-08,0.9972058626513083,0.007836578484404902,33.50843225245989
2020-01-09,1.0021857966734344,0.008191052180939313,33.50843225245989
2020-01-10,1.0006123139050993,0.008814765126889777,33.50843225245989
2020-01-13,1.0052665961098872,0.009981456477332382,33.50843225245989
2020-01-14,1.0038811373452063,0.010049255610836982,33.50843225245989
2020-01-15,1.0057594549166078,0.009893807107117309,33.50843225245989
2020-01-16,1.0118154694151975,0.010516849982268593,33.50843225245989
2020-01-17,1.0137764418712114,0.010502804945266139,33.50843225245989
2020-01-21,1.0123783559199946,0.010437820848002722,33.50843225245989
2020-01-22,1.0124495967233267,0.010437018011631787,33.50843225245989
2020-01-23,1.0132154787955132,0.010314765508506173,33.50843225245989
2020-01-24,1.0069615958133236,0.012412037315235104,33.50843225245989
2020-01-27,0.9958431925004261,0.015695093170229095,33.50843225245989
2020-01-28,1.0025939062182443,0.01752408810847616,33.50843225245989
2020-01-29,1.002052982418063,0.017659488647324743,33.50843225245989
2020-01-30,1.00395406856645,0.01796507008594852,33.50843225245989
2020-01-31,0.9948704426083935,0.021725105526957354,33.50843225245989
2020-02-03,0.9995284692595579,0.023354692649048176,33.50843225245989
2020-02-04,1.0100538918042017,0.02713866256518015,33.50843225245989
2020-02-05,1.0204134431568948,0.02720132059641596,33.50843225245989
2020-02-06,1.022679980559757,0.027387042502374007,33.50843225245989
2020-02-07,1.0194589898743922,0.027840910949247736,33.50843225245989
2020-02-10,1.0242576155267284,0.02826323929502121,33.50843225245989
2020-02-11,1.0255144196860524,0.028378498065107154,33.50843225245989
2020-02-12,1.030223526812906,0.02894675127930354,33.50843225245989
2020-02-13,1.0294299780658143,0.029016942577707715,33.50843225245989
2020-02-14,1.0304198636087776,0.028874189615392846,33.50843225245989
2020-02-18,1.0280673805971159,0.028441757847870664,33.50843225245989
2020-02-19,1.0319438630816455,0.028377155292700126,33.50843225245989
2020-02-20,1.0286823440836415,0.028608527731954173,33.50843225245989
2020-02-21,1.0210995739547013,0.02994488151697516,33.50843225245989
2020-02-24,0.996936461449001,0.033394554775836034,33.50843225245989
2020-02-25,0.974528742063255,0.042087546125776046,33.50843225245989
2020-02-26,0.9718204732706369,0.042273546542429666,33.50843225245989
2020-02-27,0.942992443320097,0.05171775081214143,33.50843225245989
2020-02-28,0.9407777840151136,0.051911594456498775,33.50843225245989
2020-03-02,0.9734862955068914,0.057256748061837844,33.50843225245989
2020-03-03,0.9547164466793729,0.06074210345288258,33.50843225245989
2020-03-04,0.98331101881178,0.06219880401117683,33.50843225245989
2020-03-05,0.9636856071346372,0.0676131525412651,33.50843225245989
2020-03-06,0.953419615234407,0.07190281578922238,33.50843225245989
2020-03-09,0.8962158432261339,0.08675274623807962,33.50843225245989
2020-03-10,0.9270152251038891,0.10243198878482164,33.50843225245989
2020-03-11,0.9006629776341183,0.11309673874076497,33.50843225245989
2020-03-12,0.8497357332923199,0.1094165621554425,33.50843225245989
2020-03-13,0.9212965595340926,0.12036832534041088,33.50843225245989
2020-03-16,0.8770004185174066,0.14865016329269654,33.50843225245989
2020-03-17,0.9160845023665944,0.15013869598182714,33.50843225245989
2020-03-18,0.8831933939515615,0.1398253179540513,33.50843225245989
2020-03-19,0.8845664204387265,0.14002115811284999,33.50843225245989
2020-03-20,0.8587523190114125,0.134074471547319,33.50843225245989
2020-03-23,0.8417951724854891,0.13665942279514978,33.50843225245989
2020-03-24,0.9068014100600862,0.13247077514286343,33.50843225245989
2020-03-25,0.9153920558392554,0.13058380384726798,33.50843225245989
2020-03-26,0.9589864574206902,0.1416928410107685,33.50843225245989
2020-03-27,0.9401734916153446,0.1388936586335327,33.50843225245989
2020-03-30,0.961399566809389,0.13711039604978667,33.50843225245989
2020-03-31,0.9533941781586531,0.13661674442791846,33.50843225245989
2020-04-01,0.9315949154333287,0.1473103288555555,33.50843225245989
2020-04-02,0.9475730905521278,0.14628430435018863,33.50843225245989
2020-04-03,0.9362931782617084,0.1431754815003301,33.50843225245989
2020-04-06,0.9792879056259953,0.14531994750465982,33.50843225245989
2020-04-07,0.9797992384739769,0.14529923727825658,33.50843225245989
2020-04-08,1.0067391836025146,0.15280390756057752,33.50843225245989
2020-04-09,1.0174149776289731,0.1542481812527659,33.50843225245989
2020-04-13,1.0097711966847884,0.15320263624704578,33.50843225245989
2020-04-14,1.0338699209837692,0.15625146209289825,33.50843225245989
2020-04-15,1.0152480467567018,0.15302914265085668,33.50843225245989
2020-04-16,1.019344065737125,0.15331419169829297,33.50843225245989
2020-04-17,1.0409806963029613,0.15420390047571736,33.50843225245989
2020-04-20,1.0304292696606352,0.15261801815483944,33.50843225245989
2020-04-21,1.0124002236423002,0.1537268353808652,33.50843225245989
2020-04-22,1.0304635402213949,0.15646590152360998,33.50843225245989
2020-04-23,1.0304286022825788,0.1564744447881931,33.50843225245989
2020-04-24,1.041434060690955,0.15713340261400813,33.50843225245989
2020-04-27,1.0524101897913458,0.15883838825889618,33.50843225245989
2020-04-28,1.0485462882893122,0.1584492319931295,33.50843225245989
2020-04-29,1.0724626969970812,0.16282160727152598,33.50843225245989
2020-04-30,1.066524170462848,0.1629113877976488,33.50843225245989
2020-05-01,1.0524139244397615,0.16981528108553468,33.50843225245989
2020-05-04,1.0544510931137192,0.17013427974929765,33.50843225245989
2020-05-05,1.061328890667313,0.17074712713708384,33.50843225245989
2020-05-06,1.057104456756591,0.17170610230180933,33.50843225245989
2020-05-07,1.0677540737826252,0.1728737394253612,33.50843225245989
2020-05-08,1.0807329340897298,0.17362783753854377,33.50843225245989
2020-05-11,1.0808098645937525,0.1735962818591983,33.50843225245989
2020-05-12,1.067206137989173,0.17287067097843595,33.50843225245989
2020-05-13,1.0590863886126263,0.17733425579351486,33.50843225245989
2020-05-14,1.0652127560101468,0.17473737300795844,33.50843225245989
2020-05-15,1.0687656623340782,0.17575458005563088,33.50843225245989
2020-05-18,1.0944421413981624,0.17585010542146773,33.50843225245989
2020-05-19,1.0859010102506654,0.17527652960990442,33.50843225245989
2020-05-20,1.0975991072760416,0.17434346366528317,33.50843225245989
2020-05-21,1.091945114441699,0.17344516052708636,33.50843225245989
2020-05-22,1.0933871109086881,0.17360117498021027,33.50843225245989
2020-05-26,1.1024767165517197,0.17496630718521378,33.50843225245989
2020-05-27,1.1153952346975877,0.17703798997696993,33.50843225245989
2020-05-28,1.114116251823751,0.17731693276072366,33.50843225245989
2020-05-29,1.1168003369557664,0.17740217317113388,33.50843225245989
2020-06-01,1.1199150419381312,0.17813711923388234,33.50843225245989
2020-06-02,1.1279587750810183,0.1792314257732532,33.50843225245989
2020-06-03,1.1376582141427432,0.18044086922814795,33.50843225245989
2020-06-04,1.1354732379185282,0.18022363193929913,33.50843225245989
2020-06-05,1.1585065855637156,0.1890339919641301,33.50843225245989
2020-06-08,1.1647564116764857,0.18897659115774124,33.50843225245989
2020-06-09,1.160396553610892,0.18829215604960398,33.50843225245989
2020-06-10,1.156139637485925,0.18754018975182377,33.50843225245989
2020-06-11,1.1103468482657233,0.1684558895854715,33.50843225245989
2020-06-12,1.118414887528852,0.1676212085292022,33.50843225245989
2020-06-15,1.1249478598663798,0.17031668305170503,33.50843225245989
2020-06-16,1.1398305059713212,0.1734725356781535,33.50843225245989
2020-06-17,1.1364918189774302,0.1730239967629389,33.50843225245989
2020-06-18,1.1368234553771148,0.1730586837112299,33.50843225245989
2020-06-19,1.1321332753645708,0.17221242301993683,33.50843225245989
2020-06-22,1.1378785913167926,0.17388863393888424,33.50843225245989
2020-06-23,1.1416369317652793,0.1742612371610715,33.50843225245989
2020-06-24,1.1244030633189968,0.17438055102604233,33.50843225245989
2020-06-25,1.1325038683666064,0.1751251667809523,33.50843225245989
2020-06-26,1.1097160843989573,0.1700698934161916,33.50843225245989
2020-06-29,1.120045029707092,0.17049207090778812,33.50843225245989
2020-06-30,1.132008815300617,0.1722201981218323,33.50843225245989
2020-07-01,1.1378430155871924,0.17286146798219085,33.50843225245989
2020-07-02,1.1418671104458027,0.1726704034541346,33.50843225245989
2020-07-06,1.1569607215970041,0.17715424458032758,33.50843225245989
2020-07-07,1.1498891689188413,0.17642647479855134,33.50843225245989
2020-07-08,1.1569773872415443,0.17832997412615997,33.50843225245989
2020-07-09,1.152339601996751,0.1778909267713703,33.50843225245989
2020-07-10,1.159969959510151,0.17882869862329961,33.50843225245989
2020-07-13,1.1530594676524615,0.1794749478871628,33.50843225245989
2020-07-14,1.1617200236431318,0.1803925196968131,33.50843225245989
2020-07-15,1.1690811697520225,0.18236000467244193,33.50843225245989
2020-07-16,1.1665110617557684,0.182345652229468,33.50843225245989
2020-07-17,1.1692659500980631,0.18300091868731339,33.50843225245989
2020-07-20,1.1754784891727648,0.18393688374104974,33.50843225245989
2020-07-21,1.1775396047554683,0.18455821505773148,33.50843225245989
2020-07-22,1.181685553633655,0.18525409365873854,33.50843225245989
2020-07-23,1.1720807793765606,0.1834546572624767,33.50843225245989
2020-07-24,1.165997893728059,0.1831893531206751,33.50843225245989
2020-07-27,1.1717915177318217,0.18318240594812124,33.50843225245989
2020-07-28,1.165725834973795,0.1815289628582348,33.50843225245989
2020-07-29,1.177141489941229,0.1834585855718625,33.50843225245989
2020-07-30,1.1730974848347122,0.18259985248418784,33.50843225245989
2020-07-31,1.1779729503694574,0.18386021518151743,33.50843225245989
2020-08-03,1.1834717212175978,0.18603883861467121,33.50843225245989
2020-08-04,1.1866974573372664,0.18610022098113915,33.50843225245989
2020-08-05,1.191505050588644,0.18708884054944158,33.50843225245989
2020-08-06,1.1966970935546015,0.18641214171833834,33.50843225245989
2020-08-07,1.1972539610446766,0.18642352025466677,33.50843225245989
2020-08-10,1.1996062550223368,0.18686588355914235,33.50843225245989
2020-08-11,1.1934909848922417,0.18339540272079824,33.50843225245989
2020-08-12,1.2048037390061797,0.18447054601931465,33.50843225245989
2020-08-13,1.2030704232628626,0.18415025014162975,33.50843225245989
2020-08-14,1.2030929273016981,0.18414984166158055,33.50843225245989
2020-08-17,1.2056567959128162,0.18439413778832192,33.50843225245989
2020-08-18,1.2072544319561087,0.1843662250620531,33.50843225245989
2020-08-19,1.2035349536525137,0.1838602474087951,33.50843225245989
2020-08-20,1.2065874964659293,0.1846243836372779,33.50843225245989
2020-08-21,1.2100231215642039,0.18572806015175716,33.50843225245989
2020-08-24,1.2177117345389787,0.18575445838356935,33.50843225245989
2020-08-25,1.2211706317724536,0.18598872141713838,33.50843225245989
2020-08-26,1.2299897750550584,0.1867355840523174,33.50843225245989
2020-08-27,1.2321979378439492,0.1872512694117819,33.50843225245989
2020-08-28,1.2383065161488576,0.18802767196021447,33.50843225245989
2020-08-31,1.2346558338944411,0.1869751253391802,33.50843225245989
2020-09-01,1.24303770889822,0.19008388662677517,33.50843225245989
2020-09-02,1.251767731487741,0.1901323349783114,33.50843225245989
2020-09-03,1.2204541929869004,0.18662034205704126,33.50843225245989
2020-09-04,1.2124353824809742,0.18412564103598625,33.50843225245989
2020-09-08,1.1883346914692963,0.17993182560559368,33.50843225245989
2020-09-09,1.2052882539185705,0.1809511630902783,33.50843225245989
2020-09-10,1.1869998541873172,0.17743005405908907,33.50843225245989
2020-09-11,1.1874515902755969,0.17750961354141406,33.50843225245989
2020-09-14,1.1990182856295681,0.17889086208994504,33.50843225245989
2020-09-15,1.2030300295062304,0.17983559854142267,33.50843225245989
2020-09-16,1.1995301297980334,0.17881272156076705,33.50843225245989
2020-09-17,1.1922832890947384,0.17746869560360357,33.50843225245989
2020-09-18,1.18223347807308,0.17576861303433466,33.50843225245989
2020-09-21,1.171404485111348,0.17326704705074877,33.50843225245989
2020-09-22,1.1801955990876956,0.17417817159960966,33.50843225245989
2020-09-23,1.1628759643911686,0.17726261557622616,33.50843225245989
2020-09-24,1.1650280564102684,0.177339820953967,33.50843225245989
2020-09-25,1.1790398744027033,0.18087194342794613,33.50843225245989
2020-09-28,1.1949455289396071,0.18656106015733342,33.50843225245989
2020-09-29,1.1897437410675826,0.18527488067842773,33.50843225245989
2020-09-30,1.1972593106187372,0.18706486930262795,33.50843225245989
2020-10-01,1.2034176380580344,0.18812957451690443,33.50843225245989
2020-10-02,1.1942965598789423,0.1860535913631752,33.50843225245989
2020-10-05,1.2078814047161235,0.1859787951071687,33.50843225245989
2020-10-06,1.1977494552909784,0.18798134550597465,33.50843225245989
2020-10-07,1.2114624048508,0.18780056748880364,33.50843225245989
2020-10-08,1.221938579385807,0.18968762160843558,33.50843225245989
2020-10-09,1.2299405418329872,0.19154135252921253,33.50843225245989
2020-10-12,1.2439009800058882,0.19366577523835038,33.50843225245989
2020-10-13,1.236883080260749,0.1912136453589384,33.50843225245989
2020-10-14,1.231699242558323,0.19037313348403903,33.50843225245989
2020-10-15,1.230693119051367,0.19036886684248527,33.50843225245989
2020-10-16,1.2301229677486747,0.19030408712023944,33.50843225245989
2020-10-19,1.2145144077168368,0.1878424065469075,33.50843225245989
2020-10-20,1.2182408564912246,0.1885577913769031,33.50843225245989
2020-10-21,1.2164721274465171,0.18824930767235554,33.50843225245989
2020-10-22,1.2199925522338,0.1884200325958412,33.50843225245989
2020-10-23,1.2227945376366989,0.18851763354792797,33.50843225245989
2020-10-26,1.2062840775137318,0.18647036220492666,33.50843225245989
2020-10-27,1.2035588723607236,0.18668626816759912,33.50843225245989
2020-10-28,1.180594268988642,0.18696991846222474,33.50843225245989
2020-10-29,1.186988510605612,0.18564123744642222,33.50843225245989
2020-10-30,1.1803462641209437,0.1867225314251173,33.50843225245989
2020-11-02,1.1892834706083033,0.1860232394858627,33.50843225245989
2020-11-03,1.2041005321252747,0.18692661319201204,33.50843225245989
2020-11-04,1.2234551586873712,0.188011003518933,33.50843225245989
2020-11-05,1.2413099236723961,0.1901198841296145,33.50843225245989
2020-11-06,1.2410461400827908,0.19008991728638613,33.50843225245989
2020-11-09,1.2517743118407367,0.19165734832891126,33.50843225245989
2020-11-10,1.2506678422239506,0.19141757071527749,33.50843225245989
2020-11-11,1.2573722703830972,0.19267429540592748,33.50843225245989
2020-11-12,1.2494253605077101,0.19275789229034898,33.50843225245989
2020-11-13,1.2603274068101398,0.19086145846682478,33.50843225245989
2020-11-16,1.2731941909004185,0.192314604987386,33.50843225245989
2020-11-17,1.2684900512801065,0.19180978148759545,33.50843225245989
2020-11-18,1.2572225074647043,0.1891405918468519,33.50843225245989
2020-11-19,1.2609696609686476,0.18977308586776775,33.50843225245989
2020-11-20,1.2560004884543505,0.19042962611246034,33.50843225245989
2020-11-23,1.2605812046309137,0.19051649112801639,33.50843225245989
2020-11-24,1.2763758561086271,0.18954893988356222,33.50843225245989
2020-11-25,1.2748125822014114,0.18955913992267295,33.50843225245989
2020-11-27,1.2777658668395946,0.19018581245254068,33.50843225245989
2020-11-30,1.2746181231407598,0.19046934689153047,33.50843225245989
2020-12-01,1.2858390501069656,0.1934658117192754,33.50843225245989
2020-12-02,1.287627995580025,0.1935544269314651,33.50843225245989
2020-12-03,1.2873505910562912,0.19344468643690438,33.50843225245989
2020-12-04,1.2961166426461717,0.19595044052334087,33.50843225245989
2020-12-07,1.294517318356053,0.19594923201878417,33.50843225245989
2020-12-08,1.297659845276188,0.19666048980842737,33.50843225245989
2020-12-09,1.289959122360241,0.19747912813807675,33.50843225245989
2020-12-10,1.289598195233557,0.19739544894087538,33.50843225245989
2020-12-11,1.2885137649878398,0.1973495639156441,33.50843225245989
2020-12-14,1.2850958250477336,0.1969337963422901,33.50843225245989
2020-12-15,1.2951930365726216,0.1969514644909226,33.50843225245989
2020-12-16,1.296456200837276,0.1971122559763301,33.50843225245989
2020-12-17,1.300885932364977,0.1973891580197821,33.50843225245989
2020-12-18,1.2973825594093689,0.1969587797890004,33.50843225245989
2020-12-21,1.2943473172470514,0.19709803545857033,33.50843225245989
2020-12-22,1.2929106270869606,0.19720419230262423,33.50843225245989
2020-12-23,1.2936560680617009,0.19722382079906373,33.50843225245989
2020-12-24,1.2966033685955485,0.19728624608073211,33.50843225245989
2020-12-28,1.3051978229083714,0.19961262775362826,33.50843225245989
2020-12-29,1.3033903065159866,0.19899542557496946,33.50843225245989
2020-12-30,1.3049002217755714,0.19929014533879413,33.50843225245989
2020-12-31,1.308913622060118,0.2002248777528699,33.50843225245989
2021-01-04,1.2994174527170645,0.20271555900373042,33.50843225245989
2021-01-05,1.3030391514681579,0.20183320207800795,33.50843225245989
2021-01-06,1.3088970980187828,0.20368798189854032,33.50843225245989
2021-01-07,1.3231558171724274,0.20843433511913834,33.50843225245989
2021-01-08,1.3289694167478994,0.20894975763698792,33.50843225245989
2021-01-11,1.323313907390458,0.2073180126120091,33.50843225245989
2021-01-12,1.3235341690669018,0.20737364429554944,33.50843225245989
2021-01-13,1.3261383424843782,0.20745920133351703,33.50843225245989
2021-01-14,1.3234270312779006,0.20789121042718706,33.50843225245989
2021-01-15,1.316339041105582,0.2062719287109614,33.50843225245989
2021-01-19,1.3229752577605773,0.2077304934706096,33.50843225245989
2021-01-20,1.3354748244129033,0.20820705265309986,33.50843225245989
2021-01-21,1.336170654625163,0.20834011691837062,33.50843225245989
2021-01-22,1.3330061936412911,0.20764677467071316,33.50843225245989
2021-01-25,1.3375227420392375,0.20885484426313353,33.50843225245989
2021-01-26,1.3359240723771824,0.20874037101923745,33.50843225245989
2021-01-27,1.316042161252564,0.2097053372340596,33.50843225245989
2021-01-28,1.3220496046062529,0.20852348893631512,33.50843225245989
2021-01-29,1.302202749431444,0.2049206469498363,33.50843225245989
2021-02-01,1.317227534257541,0.20531988082219824,33.50843225245989
2021-02-02,1.330063570891709,0.2052845096253137,33.50843225245989
2021-02-03,1.330839175381336,0.20539535539934725,33.50843225245989
2021-02-04,1.3434995669379757,0.20637685676002826,33.50843225245989
2021-02-05,1.3467193940762312,0.20722910404823133,33.50843225245989
2021-02-08,1.3522043707188522,0.20612826862787256,33.50843225245989
2021-02-09,1.3515144619008264,0.20605052643610777,33.50843225245989
2021-02-10,1.3510564212245235,0.205911941382938,33.50843225245989
2021-02-11,1.3526329172367824,0.20609866123763732,33.50843225245989
2021-02-12,1.3579851338103943,0.205743558594218,33.50843225245989
2021-02-16,1.357166519955547,0.2057439673197799,33.50843225245989
2021-02-17,1.357387446205074,0.20576064433317584,33.50843225245989
2021-02-18,1.35258671475367,0.20501769939521633,33.50843225245989
2021-02-19,1.3508693551848967,0.20428206765863907,33.50843225245989
2021-02-22,1.3424539801338464,0.20373388764999978,33.50843225245989
2021-02-23,1.343856748900108,0.20406587436004997,33.50843225245989
2021-02-24,1.3559949776479143,0.20709236362938493,33.50843225245989
2021-02-25,1.3313685065995204,0.19806329043059798,33.50843225245989
2021-02-26,1.3264748761486305,0.19723715752210025,33.50843225245989
2021-03-01,1.348225554607244,0.19870953619759574,33.50843225245989
2021-03-02,1.3435249457296334,0.20106873776380532,33.50843225245989
2021-03-03,1.332551241269532,0.19950281294050762,33.50843225245989
2021-03-04,1.3206520694790045,0.1976655807849511,33.50843225245989
2021-03-05,1.3394962837969944,0.20285817006366758,33.50843225245989
2021-03-08,1.3358856317433339,0.20297487979898313,33.50843225245989
2021-03-09,1.3496407291069235,0.20596584073726776,33.50843225245989
2021-03-10,1.3551283428657899,0.2070796577572035,33.50843225245989
2021-03-11,1.364266335461079,0.21087535030699095,33.50843225245989
2021-03-12,1.3653115763367145,0.21056116364261446,33.50843225245989
2021-03-15,1.3716112907965634,0.21179687421694418,33.50843225245989
2021-03-16,1.3701811505181327,0.21137725615635386,33.50843225245989
2021-03-17,1.3737046641525177,0.21185925895566124,33.50843225245989
2021-03-18,1.3621266267014864,0.210570332641039,33.50843225245989
2021-03-19,1.3605731331928725,0.21048878760836875,33.50843225245989
2021-03-22,1.3684410585596012,0.21163117218258656,33.50843225245989
2021-03-23,1.360725759236871,0.2096624555515471,33.50843225245989
2021-03-24,1.35447148223725,0.20828602276362237,33.50843225245989
2021-03-25,1.359989558405539,0.21001762997179557,33.50843225245989
2021-03-26,1.379311968379425,0.21615033510958834,33.50843225245989
2021-03-29,1.3787608839437622,0.21607425063632815,33.50843225245989
2021-03-30,1.3761952865321985,0.215422586114545,33.50843225245989
2021-03-31,1.3800337594015804,0.2164523455827164,33.50843225245989
2021-04-01,1.3906482665911721,0.2164732583215418,33.50843225245989
2021-04-05,1.4038081550556476,0.2186870708893438,33.50843225245989
2021-04-06,1.4032889977995948,0.21860265337696053,33.50843225245989
2021-04-07,1.4046397917267721,0.21898405064198948,33.50843225245989
2021-04-08,1.409583586680642,0.22030985485109994,33.50843225245989
2021-04-09,1.4158127950975987,0.22082075180405925,33.50843225245989
2021-04-12,1.4161302981174673,0.2208978080831563,33.50843225245989
2021-04-13,1.4182403537180457,0.22025429067600727,33.50843225245989
2021-04-14,1.415085497979706,0.21957763045772932,33.50843225245989
2021-04-15,1.4241598421679773,0.21984231938139576,33.50843225245989
2021-04-16,1.4281911649801435,0.22057825861203229,33.50843225245989
2021-04-19,1.4232455479827892,0.21996994725325392,33.50843225245989
2021-04-20,1.4169730186621203,0.21851896890857217,33.50843225245989
2021-04-21,1.4248510785353856,0.21709308912411213,33.50843225245989
2021-04-22,1.413628122054582,0.21533062279247378,33.50843225245989
2021-04-23,1.4258551140792244,0.2181317893829941,33.50843225245989
2021-04-26,1.4278593778417048,0.2184201557563933,33.50843225245989
2021-04-27,1.427645162292387,0.21837606570176102,33.50843225245989
2021-04-28,1.4274092616412506,0.2183713734388178,33.50843225245989
2021-04-29,1.4323626509251695,0.2182235148643827,33.50843225245989
2021-04-30,1.4239925333312402,0.216790511960246,33.50843225245989
2021-05-03,1.4260508475872629,0.21735024413813164,33.50843225245989
2021-05-04,1.4195958602015524,0.21659357789252737,33.50843225245989
2021-05-05,1.419861953520124,0.21657083792293633,33.50843225245989
2021-05-06,1.4287943756323593,0.2183386844634304,33.50843225245989
2021-05-07,1.4359957301453585,0.21811202068047125,33.50843225245989
2021-05-10,1.4249187825131178,0.2167867313767824,33.50843225245989
2021-05-11,1.415714714370862,0.21631438919520316,33.50843225245989
2021-05-12,1.3940505447139186,0.21027195464325152,33.50843225245989
2021-05-13,1.40614576580153,0.21346592876889312,33.50843225245989
2021-05-14,1.4237880102606768,0.21775755147880937,33.50843225245989
2021-05-17,1.420724197678938,0.2173043775255525,33.50843225245989
2021-05-18,1.4111566887125986,0.21540540596981447,33.50843225245989
2021-05-19,1.4082024961218287,0.21463078789206141,33.50843225245989
2021-05-20,1.4212885690344728,0.21654667141301404,33.50843225245989
2021-05-21,1.4204982171341705,0.21652855196911847,33.50843225245989
2021-05-24,1.431109665415195,0.21720207732248695,33.50843225245989
2021-05-25,1.4297268496591329,0.2176638395525831,33.50843225245989
2021-05-26,1.431974816366543,0.21785220705718397,33.50843225245989
2021-05-27,1.432429964609184,0.21792330804698126,33.50843225245989
2021-05-28,1.4346272216941742,0.21829002830669048,33.50843225245989
2021-06-01,1.4336899725222432,0.21814487446775377,33.50843225245989
2021-06-02,1.4354050622272891,0.21814555393604174,33.50843225245989
2021-06-03,1.432011885152625,0.2181468296208121,33.50843225245989
2021-06-04,1.4374095230622657,0.21784585028508358,33.50843225245989
2021-06-07,1.4361865360201025,0.21763697620667669,33.50843225245989
2021-06-08,1.4363584920927535,0.21764498158049386,33.50843225245989
2021-06-09,1.434873512683819,0.21788690708306768,33.50843225245989
2021-06-10,1.4389872990563095,0.21799204207856362,33.50843225245989
2021-06-11,1.4406841112096225,0.21804808210187493,33.50843225245989
2021-06-14,1.4428682043545098,0.21833680597833882,33.50843225245989
2021-06-15,1.441418548292776,0.2185647702578395,33.50843225245989
2021-06-16,1.4358938910053656,0.21795293558813403,33.50843225245989
2021-06-17,1.4356313160153629,0.21802232587410883,33.50843225245989
2021-06-18,1.4213336556302003,0.21611067473277099,33.50843225245989
2021-06-21,1.437534086214395,0.21962559818251515,33.50843225245989
2021-06-22,1.442727164896456,0.22033377574337323,33.50843225245989
2021-06-23,1.4412203445709606,0.21999644291695064,33.50843225245989
2021-06-24,1.448010691337292,0.22074907145772002,33.50843225245989
2021-06-25,1.4522087993813393,0.22188171811333088,33.50843225245989
2021-06-28,1.454438400082202,0.22193310696034887,33.50843225245989
2021-06-29,1.4549213778327608,0.2219650937540361,33.50843225245989
2021-06-30,1.455711540139202,0.22198480795856768,33.50843225245989
2021-07-01,1.4624479064354758,0.22298771617518495,33.50843225245989
2021-07-02,1.4703721848801827,0.22461687034533812,33.50843225245989
2021-07-06,1.4684525668331017,0.2239861084844971,33.50843225245989
2021-07-07,1.4728116195732173,0.22547575705654738,33.50843225245989
2021-07-08,1.4648082255838892,0.22393428410920854,33.50843225245989
2021-07-09,1.4754319125126476,0.22649393257458558,33.50843225245989
2021-07-12,1.4792578664132787,0.2269854099191844,33.50843225245989
2021-07-13,1.4759275908197864,0.22704317825366493,33.50843225245989
2021-07-14,1.4775235328565637,0.22736106190369113,33.50843225245989
2021-07-15,1.4740416485768029,0.226500292293721,33.50843225245989
2021-07-16,1.466189320727029,0.22416740130461466,33.50843225245989
2021-07-19,1.449311469702488,0.22064941949141553,33.50843225245989
2021-07-20,1.4625162150748738,0.22128000932789382,33.50843225245989
2021-07-21,1.471201977634488,0.22162076192497826,33.50843225245989
2021-07-22,1.4733701186925554,0.2215676827757292,33.50843225245989
2021-07-23,1.4848606153404593,0.22303631740697172,33.50843225245989
2021-07-26,1.4872982915557018,0.22309016971201548,33.50843225245989
2021-07-27,1.4834680733806642,0.22298651517565332,33.50843225245989
2021-07-28,1.4830549110629727,0.22281881616113774,33.50843225245989
2021-07-29,1.487944470471381,0.22438358775172332,33.50843225245989
2021-07-30,1.4825908496332856,0.22444249599999866,33.50843225245989
2021-08-02,1.4806340144679628,0.22423367979725847,33.50843225245989
2021-08-03,1.4904287587920209,0.2259053465462085,33.50843225245989
2021-08-04,1.4856918077074748,0.22583593351591913,33.50843225245989
2021-08-05,1.4922050013905312,0.227177800277675,33.50843225245989
2021-08-06,1.4940462628076174,0.2275231348715244,33.50843225245989
2021-08-09,1.4931306094395784,0.22752132835640604,33.50843225245989
2021-08-10,1.494269663535944,0.22755238632241814,33.50843225245989
2021-08-11,1.4970495196986766,0.22862426390221696,33.50843225245989
2021-08-12,1.499789730581014,0.2283260024505302,33.50843225245989
2021-08-13,1.501310722372375,0.22794966517143686,33.50843225245989
2021-08-16,1.5035700546373127,0.22831936447790094,33.50843225245989
2021-08-17,1.4988644981037573,0.22908233959735055,33.50843225245989
2021-08-18,1.4861277219930549,0.22646346128967304,33.50843225245989
2021-08-19,1.4875582993956356,0.2269851864359051,33.50843225245989
2021-08-20,1.496037087174815,0.22803082808815112,33.50843225245989
2021-08-23,1.5059985194022019,0.2279241229701607,33.50843225245989
2021-08-24,1.5078368944485374,0.22805956984370457,33.50843225245989
2021-08-25,1.5096883321370809,0.22792974199274893,33.50843225245989
2021-08-26,1.502655076133661,0.22612984274346992,33.50843225245989
2021-08-27,1.5115885491273797,0.2276853465676425,33.50843225245989
2021-08-30,1.5161989060930687,0.22815908918989775,33.50843225245989
2021-08-31,1.514805641712046,0.2278539315302979,33.50843225245989
2021-09-01,1.5153630249659662,0.22797194139557914,33.50843225245989
2021-09-02,1.518062664699122,0.22749879175442073,33.50843225245989
2021-09-03,1.5178243138325966,0.22746655932776483,33.50843225245989
2021-09-07,1.5125597221890865,0.22647924083367377,33.50843225245989
2021-09-08,1.511577512136691,0.22622587413803533,33.50843225245989
2021-09-09,1.5059841211365426,0.22477176935601278,33.50843225245989
2021-09-10,1.4990325181132431,0.22489441880540229,33.50843225245989
2021-09-13,1.5016378789667695,0.2250449228086655,33.50843225245989
2021-09-14,1.4960113414942964,0.22437753446056724,33.50843225245989
2021-09-15,1.504810984799702,0.22533262955663202,33.50843225245989
2021-09-16,1.503303260963469,0.22525351836423924,33.50843225245989
2021-09-17,1.4907766116972903,0.22157019900406794,33.50843225245989
2021-09-20,1.4755443959582588,0.2232450030492779,33.50843225245989
2021-09-21,1.4744753834904625,0.22308532791698274,33.50843225245989
2021-09-22,1.4879205117022747,0.22644700729425185,33.50843225245989
2021-09-23,1.4977037041245942,0.2258743417350908,33.50843225245989
2021-09-24,1.4992046793573646,0.22559164668295478,33.50843225245989
2021-09-27,1.4960318813686455,0.22455815751638575,33.50843225245989
2021-09-28,1.4724695991050123,0.21865940041038096,33.50843225245989
2021-09-29,1.4739260746006246,0.2184822408565046,33.50843225245989
2021-09-30,1.461630262360959,0.21536260596072387,33.50843225245989
2021-10-01,1.478492998331444,0.2188066654224356,33.50843225245989
2021-10-04,1.4686669581885472,0.21671922127626453,33.50843225245989
2021-10-05,1.478116932843149,0.2203152926211099,33.50843225245989
2021-10-06,1.4825434216206264,0.22156129335332342,33.50843225245989
2021-10-07,1.4925469133075084,0.22584595521500064,33.50843225245989
2021-10-08,1.490220854053173,0.2252469136586951,33.50843225245989
2021-10-11,1.4819129229084747,0.22339127400601808,33.50843225245989
2021-10-12,1.4803488698739657,0.2240426864568869,33.50843225245989
2021-10-13,1.4852088095880533,0.22533991845657816,33.50843225245989
2021-10-14,1.5028847393832696,0.22573891245477024,33.50843225245989
2021-10-15,1.5085997423105093,0.2243022618958365,33.50843225245989
2021-10-18,1.512215650792296,0.22493976695140241,33.50843225245989
2021-10-19,1.5221046309565587,0.2283814220427348,33.50843225245989
2021-10-20,1.5276612854918323,0.2294797721262776,33.50843225245989
2021-10-21,1.5299266004804504,0.22923874495896343,33.50843225245989
2021-10-22,1.5287791653510447,0.22916429652730178,33.50843225245989
2021-10-25,1.5346951278226602,0.22961151385271517,33.50843225245989
2021-10-26,1.5356064018235285,0.2296139751555312,33.50843225245989
2021-10-27,1.5301319184646216,0.22813078614467913,33.50843225245989
2021-10-28,1.5400095035184027,0.22791433188938515,33.50843225245989
2021-10-29,1.5421945772832328,0.2282902364872256,33.50843225245989
2021-11-01,1.5444678230742057,0.22875387962678514,33.50843225245989
2021-11-02,1.5491782882110872,0.2303775200293774,33.50843225245989
2021-11-03,1.5553283958558881,0.2313835821856821,33.50843225245989
2021-11-04,1.5598175479740768,0.23135892171408118,33.50843225245989
2021-11-05,1.5630793909855163,0.2316531176349265,33.50843225245989
2021-11-08,1.5640869024662996,0.23195821685903645,33.50843225245989
2021-11-09,1.560470644083159,0.23170143322556472,33.50843225245989
2021-11-10,1.5523228985774038,0.22949360684397682,33.50843225245989
2021-11-11,1.5526052602699154,0.22959072252635346,33.50843225245989
2021-11-12,1.5592289192720583,0.23081403951813106,33.50843225245989
2021-11-15,1.5596219329381644,0.23084463297282684,33.50843225245989
2021-11-16,1.563993505210719,0.23082694622051578,33.50843225245989
2021-11-17,1.5608768520900353,0.23042404735223637,33.50843225245989
2021-11-18,1.5651498109567392,0.23164891124392445,33.50843225245989
2021-11-19,1.5630078858262568,0.23125921265523836,33.50843225245989
2021-11-22,1.5604790513188584,0.23099507630727742,33.50843225245989
2021-11-23,1.5619685331984619,0.23128982160103273,33.50843225245989
2021-11-24,1.5649219133475192,0.23138572287376108,33.50843225245989
2021-11-26,1.5386024397728437,0.23059222810196828,33.50843225245989
2021-11-29,1.551799114698502,0.23235644192115418,33.50843225245989
2021-11-30,1.5293064634855624,0.23207520406325624,33.50843225245989
2021-12-01,1.5158757812377992,0.23173334740992957,33.50843225245989
2021-12-02,1.5317834669744854,0.2322228708466785,33.50843225245989
2021-12-03,1.52145814999361,0.23271176334308935,33.50843225245989
2021-12-06,1.5357898900823248,0.23581041501291164,33.50843225245989
2021-12-07,1.5589978326590779,0.2414155566085028,33.50843225245989
2021-12-08,1.5618989956029108,0.24127689097131436,33.50843225245989
2021-12-09,1.5530043901750838,0.2390691631516391,33.50843225245989
2021-12-10,1.5639730164889138,0.2401753221356123,33.50843225245989
2021-12-13,1.5542417015718977,0.24001970541187517,33.50843225245989
2021-12-14,1.5458557131649922,0.23910831279275965,33.50843225245989
2021-12-15,1.5624041944097764,0.2404535380554601,33.50843225245989
2021-12-16,1.5527597843861611,0.23959169716126252,33.50843225245989
2021-12-17,1.5433455828629306,0.2388858258886764,33.50843225245989
2021-12-20,1.5333664577382955,0.23839375338517693,33.50843225245989
2021-12-21,1.5534035683486858,0.24194535340326323,33.50843225245989
2021-12-22,1.564596704192657,0.24225795274552342,33.50843225245989
2021-12-23,1.5705656253513907,0.24285356645666709,33.50843225245989
2021-12-27,1.5891819852473572,0.2474569314129501,33.50843225245989
2021-12-28,1.5883160308223532,0.2473734344820984,33.50843225245989
2021-12-29,1.589979274731598,0.24758858752569707,33.50843225245989
2021-12-30,1.5868882375480258,0.24775122532194646,33.50843225245989
2021-12-31,1.583856645475524,0.2469710779632172,33.50843225245989
2022-01-03,1.5914470571105164,0.24924594963360383,33.50843225245989
2022-01-04,1.590983646819955,0.24910946837163064,33.50843225245989
2022-01-05,1.5706433526042534,0.2515645317523913,33.50843225245989
2022-01-06,1.5695034718764542,0.25123649213934773,33.50843225245989
2022-01-07,1.5648717224554187,0.25054120434499677,33.50843225245989
2022-01-10,1.5638523516915603,0.25036137045307183,33.50843225245989
2022-01-11,1.5748635410027838,0.2523920197235404,33.50843225245989
2022-01-12,1.577931750473652,0.2525734756529331,33.50843225245989
2022-01-13,1.5652098813327093,0.25494875371943543,33.50843225245989
2022-01-14,1.565715807102135,0.25508091303583325,33.50843225245989
2022-01-18,1.5426531787426083,0.24946233376388052,33.50843225245989
2022-01-19,1.5330867046224375,0.24668911029132745,33.50843225245989
2022-01-20,1.5210108093266426,0.24548671875914913,33.50843225245989
2022-01-21,1.502133503019986,0.25117126034374354,33.50843225245989
2022-01-24,1.506892622312749,0.25176667886998677,33.50843225245989
2022-01-25,1.4958803505759994,0.2511183152134878,33.50843225245989
2022-01-26,1.493133126612822,0.25075228085735957,33.50843225245989
2022-01-27,1.487347903553398,0.24892091796768673,33.50843225245989
2022-01-28,1.5153257049213165,0.25683082895398274,33.50843225245989
2022-01-31,1.5311211321246931,0.2570673382382035,33.50843225245989
2022-02-01,1.5392975614045876,0.25670525525160787,33.50843225245989
2022-02-02,1.5498294357585563,0.25976693184564326,33.50843225245989
2022-02-03,1.5277969602069494,0.25922731297900553,33.50843225245989
2022-02-04,1.5330229830361117,0.25994306085064944,33.50843225245989
2022-02-07,1.5293946247449544,0.2589477267312193,33.50843225245989
2022-02-08,1.5385973840796925,0.2608006735258115,33.50843225245989
2022-02-09,1.5572737724166692,0.2651047447890155,33.50843225245989
2022-02-10,1.5328004011765324,0.2604933186738009,33.50843225245989
2022-02-11,1.5085416791774064,0.25417692072003095,33.50843225245989
2022-02-14,1.5043772528341932,0.25299920710801743,33.50843225245989
2022-02-15,1.5223925489885661,0.2565396394402224,33.50843225245989
2022-02-16,1.523473949053959,0.2568482986582823,33.50843225245989
2022-02-17,1.502171687418724,0.25173505716934164,33.50843225245989
2022-02-18,1.4939861662365774,0.2500070561464411,33.50843225245989
2022-02-22,1.4812247856734984,0.24733226553014934,33.50843225245989
2022-02-23,1.4656451087820441,0.24628218058592422,33.50843225245989
2022-02-24,1.4796232358204469,0.2491671879401322,33.50843225245989
2022-02-25,1.5051023044858982,0.25070549869301867,33.50843225245989
2022-02-28,1.5019869666845544,0.24938332553229517,33.50843225245989
2022-03-01,1.4884935302585298,0.2527107750297529,33.50843225245989
2022-03-02,1.5098292051917868,0.2549877362636945,33.50843225245989
2022-03-03,1.5049617629182395,0.25344192440451985,33.50843225245989
2022-03-04,1.4962069067327377,0.25131405117115063,33.50843225245989
2022-03-07,1.4679182295588882,0.2428385489510438,33.50843225245989
2022-03-08,1.4610882719133815,0.24228030992727378,33.50843225245989
2022-03-09,1.4795463567638927,0.2348435169076575,33.50843225245989
2022-03-10,1.4745147178159939,0.23364209961675372,33.50843225245989
2022-03-11,1.4625883992204414,0.23386977628495548,33.50843225245989
2022-03-14,1.4545153296884457,0.23290807988086,33.50843225245989
2022-03-15,1.4786915408904047,0.23159350838262335,33.50843225245989
2022-03-16,1.4999323210735331,0.23473692489506826,33.50843225245989
2022-03-17,1.511100293565586,0.2362387278026808,33.50843225245989
2022-03-18,1.523133755592056,0.2390063741530867,33.50843225245989
2022-03-21,1.522819001832915,0.23894607320061118,33.50843225245989
2022-03-22,1.5329810079006558,0.2385458590639125,33.50843225245989
2022-03-23,1.5194052636456326,0.23924271440536346,33.50843225245989
2022-03-24,1.5368193046931582,0.24120584068100714,33.50843225245989
2022-03-25,1.5420890507842857,0.24197751574210594,33.50843225245989
2022-03-28,1.549907174082687,0.24255148402067825,33.50843225245989
2022-03-29,1.563320943327047,0.2420038433408347,33.50843225245989
2022-03-30,1.5583886546085794,0.24182409228061724,33.50843225245989
2022-03-31,1.5404872221279102,0.2416688354856647,33.50843225245989
2022-04-01,1.5430992074618248,0.24232316851177202,33.50843225245989
2022-04-04,1.5510825172578133,0.24222679562225402,33.50843225245989
2022-04-05,1.5359149166949202,0.23689561065327863,33.50843225245989
2022-04-06,1.526712176471736,0.23777945467594142,33.50843225245989
2022-04-07,1.5318187779813397,0.23858937069120248,33.50843225245989
2022-04-08,1.5288008559132553,0.23824767969678315,33.50843225245989
2022-04-11,1.5090877785580772,0.23857574412813418,33.50843225245989
2022-04-12,1.5052076370423142,0.23756820509894921,33.50843225245989
2022-04-13,1.5176003076906568,0.24076671720087833,33.50843225245989
2022-04-14,1.5025113902009744,0.2379760935746684,33.50843225245989
2022-04-18,1.5028606784062715,0.23797340635228997,33.50843225245989
2022-04-19,1.5202402351017714,0.24499672807331285,33.50843225245989
2022-04-20,1.5194842980703998,0.24465151291948023,33.50843225245989
2022-04-21,1.510316948174183,0.24676562941415223,33.50843225245989
2022-04-22,1.47535515967488,0.24265609840778674,33.50843225245989
2022-04-25,1.481910382014192,0.2443007266183976,33.50843225245989
2022-04-26,1.4489423350039714,0.24041484386688947,33.50843225245989
2022-04-27,1.4509258275701793,0.24000532828968665,33.50843225245989
2022-04-28,1.4737882689377264,0.23958637075973127,33.50843225245989
2022-04-29,1.432034882114375,0.23544909608562575,33.50843225245989
2022-05-02,1.4385742811730062,0.23689977996676712,33.50843225245989
2022-05-03,1.4435533329917631,0.23722756415543578,33.50843225245989
2022-05-04,1.47731410173086,0.24421163725423983,33.50843225245989
2022-05-05,1.44777747808105,0.24625877502596846,33.50843225245989
2022-05-06,1.4414163295031142,0.2447400968944887,33.50843225245989
2022-05-09,1.4176700317453486,0.24887464441317309,33.50843225245989
2022-05-10,1.4202409181213995,0.24980910722826305,33.50843225245989
2022-05-11,1.4075371544485704,0.2480781759193197,33.50843225245989
2022-05-12,1.4067516187852458,0.248115412045424,33.50843225245989
2022-05-13,1.4294817919551936,0.253056705530974,33.50843225245989
2022-05-16,1.4258748413826958,0.25218195241788555,33.50843225245989
2022-05-17,1.4466163689088358,0.2606915395853194,33.50843225245989
2022-05-18,1.408341951723251,0.25237613125055275,33.50843225245989
2022-05-19,1.4024387695524756,0.25258673991281855,33.50843225245989
2022-05-20,1.4028636158730996,0.2526714972802747,33.50843225245989
2022-05-23,1.4199779881528414,0.25567634448525783,33.50843225245989
2022-05-24,1.4130254678072038,0.25546610329524083,33.50843225245989
2022-05-25,1.4217501818983949,0.2532020207176817,33.50843225245989
2022-05-26,1.4401568873534563,0.26078591742760243,33.50843225245989
2022-05-27,1.470394598629755,0.26738104767782417,33.50843225245989
2022-05-31,1.4637597532126123,0.26702658125488676,33.50843225245989
2022-06-01,1.4571470016343513,0.26789421885755105,33.50843225245989
2022-06-02,1.4745823342338653,0.2721962454284169,33.50843225245989
2022-06-03,1.4578372614497337,0.26689904916447443,33.50843225245989
2022-06-06,1.4612620358832964,0.2669088146254704,33.50843225245989
2022-06-07,1.4719507369437144,0.2705880159432379,33.50843225245989
2022-06-08,1.4618459915301547,0.26742342347654074,33.50843225245989
2022-06-09,1.4365903119267256,0.25914138692759164,33.50843225245989
2022-06-10,1.4145743976289484,0.2527721832121899,33.50843225245989
2022-06-13,1.3820719967412527,0.25041343766677177,33.50843225245989
2022-06-14,1.3789990852545086,0.2497340803733009,33.50843225245989
2022-06-15,1.3935251809214593,0.25471089847288875,33.50843225245989
2022-06-16,1.3656298997901946,0.2586555212710812,33.50843225245989
2022-06-17,1.3679938622846077,0.259393646522704,33.50843225245989
2022-06-21,1.395195496256816,0.2654664948691181,33.50843225245989
2022-06-22,1.3934879287448447,0.26474421817973304,33.50843225245989
2022-06-23,1.4026272163778541,0.26235667842676363,33.50843225245989
2022-06-24,1.4392129964256006,0.2665099257061722,33.50843225245989
2022-06-27,1.4357376617307238,0.2656426548940797,33.50843225245989
2022-06-28,1.4164623219744925,0.26039497010828416,33.50843225245989
2022-06-29,1.4158165622900578,0.26042336304506536,33.50843225245989
2022-06-30,1.4075748110239659,0.25825604646247846,33.50843225245989
2022-07-01,1.4186484016396819,0.25994845956163803,33.50843225245989
2022-07-05,1.4207920411263024,0.2605605386002198,33.50843225245989
2022-07-06,1.424411327857104,0.26101094623800297,33.50843225245989
2022-07-07,1.438569754566867,0.2608994677452061,33.50843225245989
2022-07-08,1.4377310101999747,0.2607607533634353,33.50843225245989
2022-07-11,1.4261145869483305,0.2587893610869765,33.50843225245989
2022-07-12,1.417464850338996,0.2564265851346389,33.50843225245989
2022-07-13,1.411517856165195,0.2551732180833515,33.50843225245989
2022-07-14,1.4088300529598687,0.25472718654876775,33.50843225245989
2022-07-15,1.4267944463512732,0.25689270441146517,33.50843225245989
2022-07-18,1.4168832343246862,0.255084687779283,33.50843225245989
2022-07-19,1.43742324520314,0.26311357182228196,33.50843225245989
2022-07-20,1.4431873904922305,0.265087762145015,33.50843225245989
2022-07-21,1.4551965279326422,0.2683960018915499,33.50843225245989
2022-07-22,1.4445027242131858,0.2648435375035134,33.50843225245989
2022-07-25,1.4456334125841779,0.2648450890594496,33.50843225245989
2022-07-26,1.4359419767097026,0.2654521433837294,33.50843225245989
2022-07-27,1.4651940164502855,0.2703306866348199,33.50843225245989
2022-07-28,1.4763422398038453,0.27299212314693977,33.50843225245989
2022-07-29,1.496127864003418,0.27765640802880265,33.50843225245989
2022-08-01,1.4923744066137699,0.2766685241128543,33.50843225245989
2022-08-02,1.4846724614117783,0.2746570028468767,33.50843225245989
2022-08-03,1.501355252423803,0.2799989118045964,33.50843225245989
2022-08-04,1.5007888554084923,0.2799711631417046,33.50843225245989
2022-08-05,1.4989045684097493,0.2794423338161557,33.50843225245989
2022-08-08,1.4975807903490128,0.2789793246763176,33.50843225245989
2022-08-09,1.4935910087315947,0.27888921250897214,33.50843225245989
2022-08-10,1.5215463515693293,0.28816974869820006,33.50843225245989
2022-08-11,1.5215463515693293,0.28816974869820006,33.50843225245989
2022-08-12,1.5379465501876957,0.29417906119910514,33.50843225245989
2022-08-15,1.5426914168845467,0.29597889943989875,33.50843225245989
2022-08-16,1.545095108323725,0.29659611021833976,33.50843225245989
2022-08-17,1.5377470354887088,0.2936703941192298,33.50843225245989
2022-08-18,1.5410656900047557,0.2937935442576557,33.50843225245989
2022-08-19,1.5287607284509408,0.29380145958923765,33.50843225245989
2022-08-22,1.5063238362883469,0.291585584139429,33.50843225245989
2022-08-23,1.5036424741076102,0.2909642162662516,33.50843225245989
2022-08-24,1.5073586338053104,0.29196950982671277,33.50843225245989
2022-08-25,1.5235843422556354,0.2958488456620764,33.50843225245989
2022-08-26,1.4791016736740783,0.28426633749597763,33.50843225245989
2022-08-29,1.4708462671744063,0.28214921792674913,33.50843225245989
2022-08-30,1.4600082850060336,0.28023729945438475,33.50843225245989
2022-08-31,1.4528543158658762,0.2789803445832247,33.50843225245989
2022-09-01,1.456620753059936,0.2803783133150966,33.50843225245989
2022-09-02,1.4445648450731015,0.2776041488139203,33.50843225245989
2022-09-06,1.4404619380884718,0.27651909838407257,33.50843225245989
2022-09-07,1.4615084188751493,0.2824534497335391,33.50843225245989
2022-09-08,1.4677603286834549,0.2832688429695339,33.50843225245989
2022-09-09,1.4868854861073024,0.289487155574385,33.50843225245989
2022-09-12,1.4980977589429785,0.2933404227183112,33.50843225245989
2022-09-13,1.4577064270722657,0.28839019275167505,33.50843225245989
2022-09-14,1.461466420727689,0.2898107974478234,33.50843225245989
2022-09-15,1.4522010974627113,0.29228073632161633,33.50843225245989
2022-09-16,1.4433457127358027,0.28900118407894276,33.50843225245989
2022-09-19,1.451764045044626,0.29133167247484093,33.50843225245989
2022-09-20,1.438471796100049,0.2870756027025541,33.50843225245989
2022-09-21,1.4211840535512503,0.29068381543000105,33.50843225245989
2022-09-22,1.4124426351272148,0.2869177311895996,33.50843225245989
2022-09-23,1.3945232245710333,0.2822840359575265,33.50843225245989
2022-09-26,1.3836776965216928,0.2795078284484512,33.50843225245989
2022-09-27,1.382228842381654,0.2798387493327162,33.50843225245989
2022-09-28,1.4052635726874025,0.2873721754663744,33.50843225245989
2022-09-29,1.3852379936880939,0.2844009674655812,33.50843225245989
2022-09-30,1.3744582724245964,0.28723907943921445,33.50843225245989
2022-10-03,1.40227919053975,0.29007255694538375,33.50843225245989
2022-10-04,1.428443745595342,0.2923714475846505,33.50843225245989
2022-10-05,1.4264545657472372,0.29204200886992193,33.50843225245989
2022-10-06,1.414156812043153,0.2887802397001099,33.50843225245989
2022-10-07,1.3832335536560016,0.2829596767962453,33.50843225245989
2022-10-10,1.3753269388745004,0.28028883926845155,33.50843225245989
2022-10-11,1.3696652569695145,0.2805129233886045,33.50843225245989
2022-10-12,1.3659562393025355,0.27928146188224195,33.50843225245989
2022-10-13,1.3835201383082336,0.2850472821964346,33.50843225245989
2022-10-14,1.3664411443976885,0.29158655537365,33.50843225245989
2022-10-17,1.3924340989997508,0.296623578910426,33.50843225245989
2022-10-18,1.4045930504947133,0.3009782770219273,33.50843225245989
2022-10-19,1.3976887379147673,0.2997277875657851,33.50843225245989
2022-10-20,1.3895322291484309,0.2988195018124248,33.50843225245989
2022-10-21,1.4183194800480887,0.30475432753810033,33.50843225245989
2022-10-24,1.432782522924239,0.308256750427657,33.50843225245989
2022-10-25,1.448058746096446,0.31200211070903,33.50843225245989
2022-10-26,1.4390537715997205,0.30914605204044177,33.50843225245989
2022-10-27,1.4344010674030756,0.3077385024785521,33.50843225245989
2022-10-28,1.4649802961564466,0.3168956687201951,33.50843225245989
2022-10-31,1.457820994789875,0.31545550155299895,33.50843225245989
2022-11-01,1.4534882381238725,0.3160755278309904,33.50843225245989
2022-11-02,1.434513696899266,0.3144135965617252,33.50843225245989
2022-11-03,1.4246821683285393,0.31169044418525355,33.50843225245989
2022-11-04,1.4392897053516545,0.31452248324775955,33.50843225245989
2022-11-07,1.4505155393176115,0.31843874592924887,33.50843225245989
2022-11-08,1.4570190216099754,0.32092782002408354,33.50843225245989
2022-11-09,1.4365168570215932,0.3178971478994921,33.50843225245989
2022-11-10,1.5013988209963793,0.3426856372537472,33.50843225245989
2022-11-11,1.5089527251415689,0.34522726383753827,33.50843225245989
2022-11-14,1.4991282922927118,0.34236085961275253,33.50843225245989
2022-11-15,1.5088707253919917,0.3451971972730257,33.50843225245989
2022-11-16,1.5021907886211747,0.3443862675645621,33.50843225245989
2022-11-17,1.4989494906863146,0.3439693335344912,33.50843225245989
2022-11-18,1.5024116480580023,0.34251515444221897,33.50843225245989
2022-11-21,1.4983944982205206,0.34277197335853854,33.50843225245989
2022-11-22,1.514221107393629,0.3478708250879989,33.50843225245989
2022-11-23,1.5209346242980968,0.3484088256487908,33.50843225245989
2022-11-25,1.5206773739310724,0.3483294758735689,33.50843225245989
2022-11-28,1.510108160488821,0.3482596108861985,33.50843225245989
2022-11-29,1.5085172068313688,0.34779155237271125,33.50843225245989
2022-11-30,1.5372705250283059,0.35063471240869704,33.50843225245989
2022-12-01,1.5364475472235686,0.35037953279994843,33.50843225245989
2022-12-02,1.5352541895576763,0.3502442528159632,33.50843225245989
2022-12-05,1.5143381196121644,0.3452403963967149,33.50843225245989
2022-12-06,1.49499968257946,0.3393991680934193,33.50843225245989
2022-12-07,1.4930217451432386,0.33890717901389816,33.50843225245989
2022-12-08,1.5012878887675054,0.34057519226885546,33.50843225245989
2022-12-09,1.4956484461856816,0.3431160202344035,33.50843225245989
2022-12-12,1.5086568145758525,0.3461009471797914,33.50843225245989
2022-12-13,1.517089803463472,0.34750259966362923,33.50843225245989
2022-12-14,1.5112176401659179,0.3479161371514826,33.50843225245989
2022-12-15,1.4882735153216038,0.34072760997465573,33.50843225245989
2022-12-16,1.4809732254400954,0.3444576171786597,33.50843225245989
2022-12-19,1.4720678679452113,0.3453122625728937,33.50843225245989
2022-12-20,1.473779226911045,0.34560742867133004,33.50843225245989
2022-12-21,1.4937513375460618,0.35066538414030046,33.50843225245989
2022-12-22,1.4824601322561741,0.3482883154787421,33.50843225245989
2022-12-23,1.4870764152510825,0.346843318130302,33.50843225245989
2022-12-27,1.4830526288734824,0.3457950767419694,33.50843225245989
2022-12-28,1.468109128617087,0.3441827401143155,33.50843225245989
2022-12-29,1.4856049943619642,0.34894193804456686,33.50843225245989
2022-12-30,1.482847217470822,0.34836817691816235,33.50843225245989
2023-01-03,1.4782152167821558,0.34672371462722135,33.50843225245989
2023-01-04,1.486619761703249,0.35010601831828786,33.50843225245989
2023-01-05,1.4757551403418998,0.3496119561850957,33.50843225245989
2023-01-06,1.4976414740733202,0.3554546153938457,33.50843225245989
2023-01-09,1.4969137965475947,0.35525406740312027,33.50843225245989
2023-01-10,1.503223230262629,0.3539818313277131,33.50843225245989
2023-01-11,1.5162454783009909,0.35562173857462137,33.50843225245989
2023-01-12,1.5208562089805568,0.3564196909055982,33.50843225245989
2023-01-13,1.5256171771686735,0.3577500345536553,33.50843225245989
2023-01-17,1.5240678782401031,0.3578196934780732,33.50843225245989
2023-01-18,1.5070073144463851,0.3540016786630214,33.50843225245989
2023-01-19,1.4995757336932964,0.3516995035574684,33.50843225245989
2023-01-20,1.5176194644637526,0.35110398187949177,33.50843225245989
2023-01-23,1.5304483912759248,0.3556254452786476,33.50843225245989
2023-01-24,1.5292331502707415,0.3553132895780326,33.50843225245989
2023-01-25,1.5296937643636972,0.35543426107527204,33.50843225245989
2023-01-26,1.5433868706444094,0.36025478769345726,33.50843225245989
2023-01-27,1.5463125408268437,0.36131376860900566,33.50843225245989
2023-01-30,1.5305798221653342,0.3623520971499737,33.50843225245989
2023-01-31,1.5479061816187918,0.3669474776505167,33.50843225245989
2023-02-01,1.5590836888968442,0.36942716521333596,33.50843225245989
2023-02-02,1.5774479596806161,0.37695936459165724,33.50843225245989
2023-02-03,1.5617640675626425,0.37188652828625507,33.50843225245989
2023-02-06,1.553357949108431,0.3692247482604243,33.50843225245989
2023-02-07,1.5693043558287292,0.37539784131021914,33.50843225245989
2023-02-08,1.5605173964834538,0.37910072153483326,33.50843225245989
2023-02-09,1.5526505614534853,0.3778916717119496,33.50843225245989
2023-02-10,1.555705150654313,0.37894087286577477,33.50843225245989
2023-02-13,1.5678223274470213,0.3810288338313742,33.50843225245989
2023-02-14,1.5672920154778798,0.38086976741029754,33.50843225245989
2023-02-15,1.5701420933903885,0.37985852183967916,33.50843225245989
2023-02-16,1.5556599148538723,0.3756590273543997,33.50843225245989
2023-02-17,1.5526489215723096,0.3750440244685474,33.50843225245989
2023-02-21,1.5278670929941611,0.3654891972216214,33.50843225245989
2023-02-22,1.526728517610717,0.3653580881496039,33.50843225245989
2023-02-23,1.5318946001613716,0.3646339439924194,33.50843225245989
2023-02-24,1.5166374330737893,0.35930905744643904,33.50843225245989
2023-02-27,1.520138279246584,0.36033019745745426,33.50843225245989
2023-02-28,1.5155799126050078,0.35933696947203453,33.50843225245989
2023-03-01,1.5119368663855326,0.3589553864370002,33.50843225245989
2023-03-02,1.5219176284725249,0.3626731237978206,33.50843225245989
2023-03-03,1.5400285494012218,0.36884182452542574,33.50843225245989
2023-03-06,1.5408121277049918,0.36904017293326613,33.50843225245989
2023-03-07,1.5244794017800267,0.36613089835593804,33.50843225245989
2023-03-08,1.5262378130555534,0.366381926695226,33.50843225245989
2023-03-09,1.5085861237328257,0.3730769819298421,33.50843225245989
2023-03-10,1.4980362806378622,0.37757360984327276,33.50843225245989
2023-03-13,1.4968264769125026,0.37804300802044094,33.50843225245989
2023-03-14,1.5129148337467517,0.37723349517876836,33.50843225245989
2023-03-15,1.5063689425320783,0.376693116538077,33.50843225245989
2023-03-16,1.5285699082913917,0.38279337768039495,33.50843225245989
2023-03-17,1.5202320460412655,0.38487504633636543,33.50843225245989
2023-03-20,1.5305105233941998,0.3859271503040315,33.50843225245989
2023-03-21,1.5458750069643952,0.3857152889167703,33.50843225245989
2023-03-22,1.5281603057688966,0.38054236618373377,33.50843225245989
2023-03-23,1.5313393865790232,0.3813416998052062,33.50843225245989
2023-03-24,1.5381829718487896,0.38331348900036855,33.50843225245989
2023-03-27,1.5399212405153206,0.3834178553148654,33.50843225245989
2023-03-28,1.5378820395836479,0.3830768977075606,33.50843225245989
2023-03-29,1.5537694024549946,0.3886461247569026,33.50843225245989
2023-03-30,1.5602102718209478,0.3904132560771908,33.50843225245989
2023-03-31,1.5741962732695929,0.3911102120910593,33.50843225245989
2023-04-03,1.5782902853583023,0.3923741731486827,33.50843225245989
2023-04-04,1.571426821100286,0.3895682826471089,33.50843225245989
2023-04-05,1.5688742016145025,0.388771771913133,33.50843225245989
2023-04-06,1.5731104900996693,0.3901526404319372,33.50843225245989
2023-04-10,1.5742021836095643,0.3904750716418009,33.50843225245989
2023-04-11,1.5745114642469926,0.39055631456717604,33.50843225245989
2023-04-12,1.5706999814516862,0.39143076869628174,33.50843225245989
2023-04-13,1.5857648039729297,0.39434867126109435,33.50843225245989
2023-04-14,1.5825719368561835,0.3931727248391539,33.50843225245989
2023-04-17,1.586796642773239,0.3947483331633194,33.50843225245989
2023-04-18,1.587550167083303,0.39499020951212194,33.50843225245989
2023-04-19,1.587424175353259,0.3950620462468733,33.50843225245989
2023-04-20,1.5819941995666442,0.39448055378018204,33.50843225245989
2023-04-21,1.5828737279395304,0.3945960070904059,33.50843225245989
2023-04-24,1.5840059099724089,0.39442223628391654,33.50843225245989
2023-04-25,1.5652191574174428,0.387491708409535,33.50843225245989
2023-04-26,1.5601534926715552,0.38587274262582183,33.50843225245989
2023-04-27,1.581096565694228,0.3930634391519488,33.50843225245989
2023-04-28,1.5928885302845825,0.39596241705692115,33.50843225245989
2023-05-01,1.5916314227654553,0.3955637793685733,33.50843225245989
2023-05-02,1.5792166661153226,0.39460878086093837,33.50843225245989
2023-05-03,1.572185692813112,0.39619002951602345,33.50843225245989
2023-05-04,1.5647351421541902,0.39417809493984896,33.50843225245989
2023-05-05,1.5843159011704326,0.398507890125282,33.50843225245989
2023-05-08,1.5846496296705035,0.3986214673503186,33.50843225245989
2023-05-09,1.5803859957956852,0.3991615270341187,33.50843225245989
2023-05-10,1.586032095968568,0.40163162159060084,33.50843225245989
2023-05-11,1.5846011905895134,0.4012800262439567,33.50843225245989
2023-05-12,1.5832675091010822,0.40098408201995495,33.50843225245989
2023-05-15,1.5874962754326765,0.40293440098769,33.50843225245989
2023-05-16,1.5790661181713894,0.4002090436999847,33.50843225245989
2023-05-17,1.5937816663397608,0.4061129518186121,33.50843225245989
2023-05-18,1.6058208511946832,0.4073142126499666,33.50843225245989
2023-05-19,1.6042843544381422,0.40759363380136276,33.50843225245989
2023-05-22,1.6047506921790637,0.4077040127432027,33.50843225245989
2023-05-23,1.5911507819225137,0.4049487937608652,33.50843225245989
2023-05-24,1.5832832741480103,0.40595536024264217,33.50843225245989
2023-05-25,1.5922046585199245,0.40807576928973427,33.50843225245989
2023-05-26,1.6092442051588713,0.4105082199458126,33.50843225245989
2023-05-30,1.6096924382363207,0.4106355309070932,33.50843225245989
2023-05-31,1.6026766184820411,0.4072020358398798,33.50843225245989
2023-06-01,1.6107360384222065,0.4044709642307917,33.50843225245989
2023-06-02,1.6292551925317806,0.4108785419971697,33.50843225245989
2023-06-05,1.6269623950283374,0.41009700089170126,33.50843225245989
2023-06-06,1.630236561393827,0.4109424387257289,33.50843225245989
2023-06-07,1.6267059544860598,0.4122242099369776,33.50843225245989
2023-06-08,1.6321580424957647,0.4125024405278188,33.50843225245989
2023-06-09,1.6341899120093495,0.4131370449104162,33.50843225245989
2023-06-12,1.6465079869821078,0.41780222461018895,33.50843225245989
2023-06-13,1.6524204019908364,0.4161341612339915,33.50843225245989
2023-06-14,1.6535030239931379,0.4160571354578623,33.50843225245989
2023-06-15,1.6706076134346395,0.42153775865592963,33.50843225245989
2023-06-16,1.6672375446797214,0.4205269395739279,33.50843225245989
2023-06-20,1.660889983997679,0.41731370443377136,33.50843225245989
2023-06-21,1.655106963807274,0.4156571147142996,33.50843225245989
2023-06-22,1.6594198348015838,0.4174838511315565,33.50843225245989
2023-06-23,1.6491178753674678,0.4145720306537341,33.50843225245989
2023-06-26,1.6447321511490813,0.41302177523913813,33.50843225245989
2023-06-27,1.6563131021952098,0.41125668719998615,33.50843225245989
2023-06-28,1.656834617045522,0.4113426928994234,33.50843225245989
2023-06-29,1.6609706692676791,0.41310578319686847,33.50843225245989
2023-06-30,1.6769813133369038,0.4189251729156854,33.50843225245989
2023-07-03,1.6784414826190577,0.4193672940546632,33.50843225245989
2023-07-05,1.6770149729783286,0.4189806174481559,33.50843225245989
2023-07-06,1.6687502437794517,0.4211610975365935,33.50843225245989
2023-07-07,1.6659405819970274,0.42020342878784517,33.50843225245989
2023-07-10,1.66958167071168,0.42171601205922854,33.50843225245989
2023-07-11,1.6779302621643417,0.42530965772783863,33.50843225245989
2023-07-12,1.687150234184812,0.4272742742726092,33.50843225245989
2023-07-13,1.6980505004971458,0.4316477480259307,33.50843225245989
2023-07-14,1.697380855662536,0.43179323966637306,33.50843225245989
2023-07-17,1.7009754762097604,0.43331188888784894,33.50843225245989
2023-07-18,1.708832920847924,0.4355632714990308,33.50843225245989
2023-07-19,1.7108420761912368,0.43583187500938453,33.50843225245989
2023-07-20,1.701704645673085,0.4324866906458889,33.50843225245989
2023-07-21,1.701704645673085,0.4324866906458889,33.50843225245989
2023-07-24,1.7066147694748113,0.4314800224099506,33.50843225245989
2023-07-25,1.7097288946805247,0.43224990188906925,33.50843225245989
2023-07-26,1.7099322559247963,0.4322907272712123,33.50843225245989
2023-07-27,1.7025949775895128,0.43112929306401915,33.50843225245989
2023-07-28,1.7158660221741122,0.43417756893339876,33.50843225245989
2023-07-31,1.7176584198816245,0.4347377673484813,33.50843225245989
2023-08-01,1.7136383330256906,0.4333781622015438,33.50843225245989
2023-08-02,1.6981595455853946,0.434883420913148,33.50843225245989
2023-08-03,1.6951095906063818,0.43449314487841156,33.50843225245989
2023-08-04,1.6890063704852618,0.4321488928323367,33.50843225245989
2023-08-07,1.6998313746566396,0.43069284689835946,33.50843225245989
2023-08-08,1.6947376724557859,0.42892421446303935,33.50843225245989
2023-08-09,1.6846121150972364,0.42489174695958026,33.50843225245989
2023-08-10,1.6849352711923635,0.42488548432702966,33.50843225245989
2023-08-11,1.6843902744560784,0.42479749610126527,33.50843225245989
2023-08-14,1.6904611571376276,0.4277539278017398,33.50843225245989
2023-08-15,1.6826232864177006,0.4349705975321755,33.50843225245989
2023-08-16,1.6727653791250927,0.4308697657944723,33.50843225245989
2023-08-17,1.663009742572393,0.42757868446781705,33.50843225245989
2023-08-18,1.6636386556199976,0.42782646815231556,33.50843225245989
2023-08-21,1.6727835167065686,0.43164543313366804,33.50843225245989
2023-08-22,1.6710761140934223,0.4327729565699845,33.50843225245989
2023-08-23,1.6837515274853068,0.4382502726397468,33.50843225245989
2023-08-24,1.6658977689146741,0.4315884363332076,33.50843225245989
2023-08-25,1.6752664211520683,0.434979246299568,33.50843225245989
2023-08-28,1.6842839102573133,0.43771676465874426,33.50843225245989
2023-08-29,1.7011067933529316,0.4436117130444921,33.50843225245989
2023-08-30,1.7040113538251256,0.44206321400735143,33.50843225245989
2023-08-31,1.7025458280983028,0.44179502561135936,33.50843225245989
2023-09-01,1.7042858471200677,0.44220138736972,33.50843225245989
2023-09-05,1.6996149992946417,0.4396482751316249,33.50843225245989
2023-09-06,1.6918843703083783,0.43645848388935177,33.50843225245989
2023-09-07,1.68804123372815,0.4349437456793996,33.50843225245989
2023-09-08,1.6899484845061146,0.4357901656547137,33.50843225245989
2023-09-11,1.6977247253560959,0.43868536788148715,33.50843225245989
2023-09-12,1.6930978521605349,0.44010620530959826,33.50843225245989
2023-09-13,1.6943986639995485,0.4405321706798084,33.50843225245989
2023-09-14,1.7041874693689087,0.4444119585416481,33.50843225245989
2023-09-15,1.6899941839886077,0.44117801584544103,33.50843225245989
2023-09-18,1.6905679522817592,0.4414419436199727,33.50843225245989
2023-09-19,1.6880917033618141,0.44075670270623,33.50843225245989
2023-09-20,1.675700103023673,0.4364243692798905,33.50843225245989
2023-09-21,1.6559674484827631,0.43172978824576735,33.50843225245989
2023-09-22,1.6532086085476472,0.4307741092488198,33.50843225245989
2023-09-25,1.6576148356722764,0.4314784634953322,33.50843225245989
2023-09-26,1.645846036492733,0.4292376335503887,33.50843225245989
2023-09-27,1.6462936379591806,0.4292793420536036,33.50843225245989
2023-09-28,1.6517866948981952,0.4301072815429941,33.50843225245989
2023-09-29,1.648944997184018,0.42954283723153996,33.50843225245989
2023-10-02,1.6483785458270062,0.42933094655442283,33.50843225245989
2023-10-03,1.6339339658115268,0.424131396928027,33.50843225245989
2023-10-04,1.6420118204433323,0.4253941647817846,33.50843225245989
2023-10-05,1.6416496416649307,0.4254547549001359,33.50843225245989
2023-10-06,1.6514182179473897,0.42935725456768925,33.50843225245989
2023-10-09,1.6584993739871177,0.43123336662208017,33.50843225245989
2023-10-10,1.6649411180480427,0.4303179591845046,33.50843225245989
2023-10-11,1.670436286150987,0.4323674799639574,33.50843225245989
2023-10-12,1.664102668345631,0.4299208298438426,33.50843225245989
2023-10-13,1.658042493893364,0.42730186833788386,33.50843225245989
2023-10-16,1.669317999481791,0.43131339334103225,33.50843225245989
2023-10-17,1.6692691054583062,0.43129584794731146,33.50843225245989
2023-10-18,1.653313785272368,0.4263464571621753,33.50843225245989
2023-10-19,1.6448691408255,0.4242757142055875,33.50843225245989
2023-10-20,1.630934230505438,0.42059851476100313,33.50843225245989
2023-10-23,1.6290874373698416,0.419949338880323,33.50843225245989
2023-10-24,1.6365897111460348,0.4236954874766362,33.50843225245989
2023-10-25,1.6176422688071779,0.41707130456198943,33.50843225245989
2023-10-26,1.6039956147616068,0.4152911231572475,33.50843225245989
2023-10-27,1.598451382633257,0.4130537138174423,33.50843225245989
2023-10-30,1.6120639385348963,0.4180426039996418,33.50843225245989
2023-10-31,1.6201329834589804,0.42134641661649985,33.50843225245989
2023-11-01,1.6340290284722072,0.4267613688361122,33.50843225245989
2023-11-02,1.653252365588783,0.4304421612655316,33.50843225245989
2023-11-03,1.6660100701909462,0.43437164708309234,33.50843225245989
2023-11-06,1.6696494647471916,0.4355697976695017,33.50843225245989
2023-11-07,1.6728973647399894,0.43672739727610926,33.50843225245989
2023-11-08,1.6739797188073438,0.43719479554339535,33.50843225245989
2023-11-09,1.6657525574817331,0.43943226260237095,33.50843225245989
2023-11-10,1.6849766258199785,0.44602286214945563,33.50843225245989
2023-11-13,1.683762324968703,0.445663450398939,33.50843225245989
2023-11-14,1.7042527043946485,0.44853861896749114,33.50843225245989
2023-11-15,1.7067351686295604,0.4497179804389276,33.50843225245989
2023-11-16,1.708015585802708,0.45008646695297166,33.50843225245989
2023-11-17,1.7094270136905731,0.4504923968529531,33.50843225245989
2023-11-20,1.7194903456136263,0.4525397083824219,33.50843225245989
2023-11-21,1.7164892300816834,0.4514591226841559,33.50843225245989
2023-11-22,1.721142383036928,0.4538602200789488,33.50843225245989
2023-11-24,1.7217441285046673,0.4537033484124039,33.50843225245989
2023-11-27,1.7199285009271115,0.45318121538385897,33.50843225245989
2023-11-28,1.7211870163181253,0.45358931681104564,33.50843225245989
2023-11-29,1.7205312450832861,0.4536007684375412,33.50843225245989
2023-11-30,1.7249010202578854,0.4526612076399329,33.50843225245989
2023-12-01,1.7317770777915402,0.45365762407999516,33.50843225245989
2023-12-04,1.725358984934969,0.45549460038365125,33.50843225245989
2023-12-05,1.7250820082413567,0.4554066894629109,33.50843225245989
2023-12-06,1.7187730225051305,0.4538509942741657,33.50843225245989
2023-12-07,1.7290854911976519,0.4561861937090744,33.50843225245989
2023-12-08,1.732836100386218,0.4542198060838484,33.50843225245989
2023-12-11,1.7372701024101165,0.4535423189216842,33.50843225245989
2023-12-12,1.7412692810097954,0.45072482600764846,33.50843225245989
2023-12-13,1.7579061174947144,0.45826068775484663,33.50843225245989
2023-12-14,1.7631651927481908,0.4601997561646117,33.50843225245989
2023-12-15,1.7609423075588677,0.4595850017493957,33.50843225245989
2023-12-18,1.7660562841455976,0.45787900017787325,33.50843225245989
2023-12-19,1.7747024500860504,0.4605029622854471,33.50843225245989
2023-12-20,1.7563675293634773,0.45380845020831106,33.50843225245989
2023-12-21,1.7666933450055127,0.4587378580313369,33.50843225245989
2023-12-22,1.7688441296514539,0.4595416269799212,33.50843225245989
2023-12-26,1.774077180033039,0.46133478577242165,33.50843225245989
2023-12-27,1.7765697457802294,0.4620280508946723,33.50843225245989
2023-12-28,1.7771626643504221,0.46222739302183247,33.50843225245989
2023-12-29,1.7741226629814069,0.4605963257290415,33.50843225245989
